id,type,size,,bp,bt,rbp,fh,drw
1,flat,16,cs:3_cs:0.5_pvc:0.8,6,40,6.02,,
2,flat,24,cs:3_cs:0.5_pvc:0.8,6,40,6.02,,
3,flat,24,cs:3_cs:0.5_pvc:0.8,6,40,6.02,,
4,flat,24,s316L:2_s316L:0.5_tef:0.5,6,40,6.1,,
5,flat,24,s316L:2_s316L:0.5_tef:0.5,6,40,5.98,,
6,flat,24,s316L:2_s316L:0.5_tef:0.5,6,40,6,,
7,flat,3,s316L:0.2_s316L:0.2_tef:0.1,2,22,1.73,,
8,flat,3,s316L:0.2_s316L:0.3_tef:0.1,2,22,1.83,,
9,flat,3,s316L:0.2_s316L:0.4_tef:0.1,2,22,1.95,,
10,flat,30,s316L:0.6_s316L:0.3_ptfe:0.6,0.3,120,0.321,,
11,flat,30,s316L:0.6_s316L:0.3_ptfe:0.6,0.3,120,0.265,,
12,flat,6,s316L:0.6_s316L:0.5_tef:0.6,5.5,20,4,,
13,flat,6,s316L:0.6_s316L:0.25_tef:0.6,5.5,20,3.79,,
14,flat,6,s316L:0.6_s316L:0.3_tef:0.6,5.5,20,5.85,,
15,flat,6,s316L:0.6_s316L:0.2_tef:0.6,5.5,20,5.81,,
16,flat,6,s316L:0.6_s316L:0.2_tef:0.6,5.5,20,5.6,,
17,flat,6,s316L:0.6_s316L:0.2_tef:0.6,5.5,20,5.92,,
18,flat,6,s316L:0.6_s316L:0.2_tef:0.6,5.5,20,5.94,,
19,flat,4,s316L:0.1_s316L:0.2_s316L:0.1_ptfe:0.3,0.9,60,0.57,,
20,flat,4,s316L:0.1_s316L:0.25_s316L:0.1_ptfe:0.3,0.9,60,1.03,,
21,flat,4,s316L:1_s316L:0.1_s316L:0.1_ptfe:0.3,0.9,60,0.76,,
22,flat,24,s316L:2.5_s316L:0.8_ptfe:0.5,6,40,5.54,,
23,flat,24,s316L:2.5_s316L:0.8_ptfe:0.5,6,40,5.3,,
24,flat,24,s316L:2.5_s316L:0.8_ptfe:0.5,6,40,6.24,,
25,flat,24,s316L:2.5_s316L:0.8_ptfe:0.5,6,40,6.26,,
26,flat,12,s316L:0.3_s316L:0.3_fep:0.2,0.175,57,0.163,,
27,flat,12,s316L:0.3_s316L:0.3_fep:0.1,0.175,57,0.216,,
28,flat,12,s316L:0.3_s316L:0.3_fep:0.1,0.175,57,0.14,,
29,flat,12,s316L:0.3_s316L:0.3_fep:0.1,0.175,57,0.184,,
30,flat,16,s316L:0.4_s316L:0.4_ptfe:0.3,0.49,106,0.56,,
31,flat,16,s316L:0.4_s316L:0.4_ptfe:0.3,0.49,106,0.531,,
32,flat,16,s316:0.3_aluminium:0.3_ptfe:1,1.08,22,0.49,,
33,flat,16,s316:0.3_aluminium:0.3_ptfe:1,1.08,22,1.26,,
34,flat,16,s316:0.3_aluminium:0.3_ptfe:1,1.08,22,1.043,,
35,flat,16,s316:0.3_aluminium:0.3_ptfe:1,1.08,22,0.81,,
36,flat,16,s316:0.3_aluminium:0.3_ptfe:1,1.08,22,0.925,,
37,flat,16,s316:0.3_aluminium:0.3_ptfe:1,1.08,22,0.984,,
38,flat,8,cs:1_cs:0.8_pvc:0.5,6,40,4.59,,
39,flat,8,cs:1_cs:0.8_pvc:0.5,6,40,6.58,,
40,flat,8,cs:1_cs:0.8_pvc:0.5,6,40,6.41,,
41,flat,8,cs:1_cs:0.8_pvc:0.5,6,40,5.73,,
42,flat,16,cs:1.5_cs:0.8_pvc:0.5,6,40,4,,
43,flat,16,cs:1.5_cs:0.8_pvc:0.5,6,40,6.19,,
44,flat,16,cs:1.5_cs:0.8_pvc:0.5,6,40,5.93,,
45,flat,16,cs:1.5_cs:0.8_pvc:0.5,6,40,5.63,,
46,flat,24,cs:3_cs:0.8_pvc:0.5,6,40,4.85,,
47,flat,24,cs:3_cs:0.8_pvc:0.5,6,40,6.13,,
48,flat,24,cs:3_cs:0.8_pvc:0.5,6,40,6.3,,
49,flat,24,cs:3_cs:0.8_pvc:0.5,6,40,6.09,,
50,flat,6,s316:0.5_s316:0.5_tef:0.3,2.5,22,2.45,,
51,flat,4,s316:0.3_s316:0.5_ptfe:0.25,0.48,188,1.193,,
52,flat,4,s316:0.3_s316:0.5_ptfe:0.25,0.48,188,0.68,,
53,flat,4,s316:0.3_s316:0.5_ptfe:0.25,0.48,188,0.459,,
54,flat,4,s316:0.3_s316:0.5_ptfe:0.25,0.48,188,0.62,,
55,flat,4,s316:0.3_s316:0.5_ptfe:0.3,0.48,188,0.7,,
56,flat,4,s316:0.3_s316:0.5_ptfe:0.2,0.48,188,0.6,,
57,flat,4,s316:1_s316:0.5_ptfe:0.5,0.48,188,10.76,,
58,flat,4,s316:0.3_s316:0.5_ptfe:0.25,0.48,188,1.43,,
59,flat,4,s316:0.3_s316:0.5_ptfe:0.25,0.48,188,0.92,,
60,flat,4,s316:0.2_s316:0.5_ptfe:0.2,0.48,188,1.45,,
61,flat,4,s316:0.1_s316:0.5_ptfe:0.1,0.48,188,0.8,,
62,flat,4,s316:0.1_s316:0.1_ptfe:0.2,0.48,188,0.7,,
63,flat,24,s316:2_s316:0.5_fep:0.5,5,40,7.44,,
64,flat,14,s316:0.8_s316:0.4_ptfe:0.3,1.1,70,2.27,,
65,flat,14,s316:0.8_s316:0.4_ptfe:0.3,1.1,70,0.89,,
66,flat,14,s316:0.8_s316:0.4_ptfe:0.3,1.1,70,1.25,,
67,flat,14,s316:0.8_s316:0.4_ptfe:0.3,1.1,70,1.14,,
68,flat,24,s316:1.5_s316:0.2_ptfe:0.5,3.25,35,3.45,,
69,flat,24,s316:1.5_s316:0.2_ptfe:0.5,3.25,35,3.45,,
70,flat,24,s316:1.5_s316:0.5_ptfe:0.5,3.25,35,3.45,,
71,flat,24,s316:1.5_s316:0.5_ptfe:0.5,3.25,35,3.15,,
72,flat,24,s316:2.5_s316:0.6_ptfe:0.5,6,40,4.45,,
73,flat,4,s316L:0.3_s316L:0.3_ptfe:0.25,2,55,6.15,,
74,flat,4,s316L:0.3_s316L:0.3_ptfe:0.25,2,55,1.89,,
75,flat,24,s316L:2_s316L:0.6_ptfe:0.5,4,50,4.15,,
76,flat,24,s316L:2_s316L:0.6_ptfe:0.5,5,50,6.3,,
77,flat,24,s316L:2_s316L:0.6_ptfe:0.5,5,50,5.23,,
78,flat,6,s316:0.2_s316:0.2_ptfe:0.1,0.4,100,0.137,,
79,flat,6,s316:0.2_s316:0.2_ptfe:0.1,0.4,100,0.3,,
80,flat,6,s316:0.2_s316:0.2_ptfe:0.1,0.4,100,0.575,,
81,flat,6,s316:0.2_s316:0.2_ptfe:0.1,0.4,100,0.5,,
82,flat,6,s316:0.2_s316:0.2_ptfe:0.1,0.4,100,0.34,,
83,flat,6,s316:0.2_s316:0.2_ptfe:0.1,0.4,100,0.38,,
84,flat,6,s316:0.2_s316:0.2_ptfe:0.1,0.4,100,0.52,,
85,flat,6,s316:0.2_s316:0.2_ptfe:0.1,0.4,100,0.55,,
86,flat,6,s316:0.2_s316:0.2_ptfe:0.1,0.4,100,0.55,,
87,flat,16,s316:1_s316:1_ptfe:0.5,2,160,1.83,,
88,flat,16,s316:1_s316:1_ptfe:0.5,2,160,1.91,,
89,flat,10,s316:0.6_s316:0.6_ptfe:0.5,2,160,2.08,,
90,flat,16,s316:1.5_s316:0.5_ptfe:0.5,6,40,5.97,,
91,flat,16,s316:1.5_s316:0.5_ptfe:0.5,6,40,5.16,,
92,flat,16,s316:1.5_s316:0.5_ptfe:0.5,6,40,8.93,,
93,flat,24,s316:3_s316:1_ptfe:0.5,6,40,6.05,,
94,flat,24,s316:3_s316:1_ptfe:0.5,6,40,6.04,,
95,flat,24,s316:3_s316:1_ptfe:0.5,6,40,5.24,,
96,flat,8,s316:0.5_s316:0.5_ptfe:0.3,2,22,2.15,,
97,flat,8,s316:0.5_s316:0.5_ptfe:0.3,2,22,2.45,,
98,flat,8,s316:0.5_s316:0.5_ptfe:0.3,2,22,2.19,,
99,flat,3,s316:0.6_inconel:0.42_ptfe:0.25,7.5,48,7.21,,
100,flat,3,s316:0.6_inconel:0.42_ptfe:0.25,7.5,48,6.5,,
101,flat,3,s316:0.6_inconel:0.42_ptfe:0.25,7.5,48,12,,
102,flat,6,s316:1_inconel:0.8_ptfe:0.3,7.5,70,6.52,,
103,flat,6,s316:1_inconel:0.8_ptfe:0.3,7.5,70,5.61,,
104,flat,1,s316:0.1_s316:0.1_ptfe:0.1,5,22,8.1,,
105,flat,1,s316:0.1_s316:0.1_ptfe:0.1,5,22,4.66,,
106,flat,1,s316:0.1_s316:0.1_ptfe:0.1,5,22,5.47,,
107,flat,1,s316:0.1_s316:0.1_ptfe:0.1,5,22,5.08,,
108,flat,1,s316:0.1_s316:0.1_ptfe:0.1,5,22,4.97,,
109,flat,36,s316:1_s316:1_tef:0.5_tef:0.5_s316:3,1,75,0.8,,
110,flat,36,s316:1_s316:1_tef:0.5_tef:0.5_s316:3,0.715,35,6.3,,
111,flat,36,s316:1_s316:1_tef:0.5_tef:0.5_s316:3,0.715,35,6.65,,
112,flat,36,s316:1_s316:1_tef:0.5_tef:0.5_s316:3,0.715,35,7.01,,
113,flat,36,s316:1_s316:1_tef:0.5_tef:0.5_s316:3,0.715,35,8.2,,
114,flat,16,s316:1_s316:0.5_tef:0.5_tef:0.5_s316:0.5,3,35,4.1,,
115,flat,16,s316:1_s316:0.5_tef:0.5_tef:0.5_s316:0.5,3,35,2.72,,
116,flat,16,s316:1_s316:0.5_tef:0.5_tef:0.5_s316:0.5,3,35,3.33,,
117,flat,16,s316:1_s316:0.5_tef:0.5_tef:0.5_s316:0.5,3,35,4.4,,
118,flat,16,s316:1_s316:0.5_tef:0.5_tef:0.5_s316:0.5,3,35,2.57,,
119,flat,16,s316:1_s316:0.5_tef:0.5_tef:0.5_s316:0.5,3,35,3.21,,
120,flat,16,s316:1_s316:0.5_tef:0.5_tef:0.5_s316:0.5,3,35,3.18,,
121,flat,24,s316:0.5_s316:1.5_tef:0.5,3.3,35,3.16,,
122,flat,24,s316:0.5_s316:1.5_tef:0.5,3.3,35,2.98,,
123,flat,24,s316:0.5_s316:1.5_tef:0.5,3.3,35,3.37,,
124,flat,8,s316:0.5_s316:0.5_tef:0.5,3.21,35,2.59,,
125,flat,8,s316:0.5_s316:0.5_tef:0.5,3.2,35,3.7,,
126,flat,8,s316:0.5_s316:0.5_tef:0.5,3.3,35,3.9,,
127,flat,8,s316:0.5_s316:0.5_tef:0.5,3.2,35,2.81,,
128,flat,8,s316:0.5_s316:0.5_tef:0.5,3.2,35,3.4,,
129,flat,16,s316:0.5_s316:1_tef:0.5,3.5,35,3.28,,
130,flat,16,s316:0.5_s316:1_tef:0.5,3,35,3.3,,
131,flat,16,s316:0.5_s316:1_tef:0.5,3.5,35,3.52,,
132,flat,16,s316:0.5_s316:1_tef:0.5,3,35,3.31,,
133,flat,24,s316:0.5_s316:1.5_tef:0.5,3.5,35,3.1,,
134,flat,24,s316:0.5_s316:1.5_tef:0.5,3,35,3.25,,
135,flat,24,s316:0.5_s316:1.5_tef:0.5,3.5,35,2.1,,
136,flat,1,s316:0.1_s316:0.1_s316:0.5_tef:0.1,3.5,25,3.7,,
137,flat,1,s316:0.1_s316:0.1_s316:0.5_tef:0.1,3.5,25,3.8,,
138,flat,1,s316:0.1_s316:0.1_s316:0.5_tef:0.1,3.5,25,3.1,,
139,flat,1,s316:0.1_s316:0.1_s316:0.5_tef:0.1,3.5,25,3.05,,
140,flat,1,s316:0.1_s316:0.1_s316:0.5_tef:0.1,3.5,25,2.85,,
141,flat,1,s316:0.1_s316:0.1_s316:0.5_tef:0.1,3.5,25,4.2,,
142,flat,1,s316:0.1_s316:0.1_s316:0.5_tef:0.1,3.5,25,3.65,,
143,flat,1,s316:0.1_s316:0.1_s316:0.5_tef:0.1,3.5,25,3.25,,
144,flat,8,s316L:0.1_s316L:0.1_s316:0.5_tef:0.1,0.2,125,9.9,,
145,flat,8,s316L:0.1_s316L:0.1_s316:0.5_tef:0.1,0.2,125,12.9,,
146,flat,8,s316L:0.1_s316L:0.1_s316:0.5_tef:0.1,0.2,125,12.6,,
147,flat,8,s316L:0.1_s316L:0.1_s316:0.5_tef:0.1,0.2,125,16,,
148,flat,8,s316L:0.1_s316L:0.1_s316:0.5_tef:0.1,0.2,125,15.55,,
149,flat,8,s316L:0.1_s316L:0.1_s316:0.5_tef:0.1,0.2,125,11.43,,
150,flat,8,s316L:0.1_s316L:0.1_s316:0.5_tef:0.1,0.2,125,,,
151,flat,24,s316:2_s316:0.5_tef:0.5,3,22,3.4,,
152,flat,24,s316:2_s316:0.5_tef:0.5,3,22,3.3,,
153,flat,24,s316:2_s316:0.5_tef:0.5,3,22,1.3,,
154,flat,24,s316:2_s316:0.5_tef:1.5,4,22,4.3,,
155,flat,24,s316:2_s316:0.5_tef:1.5,4,22,4.4,,
156,flat,24,s316:2_s316:0.5_tef:1.5,4,22,3.97,,
157,flat,24,s316:2_s316:0.5_tef:1.5,4,22,1.4,,
158,flat,24,s316:2_s316:0.5_tef:1.5,4,22,2.14,,
159,flat,24,s316:2_s316:0.5_tef:1.5,4,22,1.31,,
160,flat,24,s316:2_s316:0.5_tef:1.5,5,22,4.75,,
161,flat,24,s316:2_s316:0.5_tef:1.5,5,22,1.43,,
162,flat,24,s316:3_s316:0.5_tef:0.5,6,22,2.54,,
163,flat,24,s316:3_s316:0.5_tef:0.5,6,22,2.08,,
164,flat,24,s316:3_s316:0.5_tef:0.5,6,22,2.23,,
165,flat,24,s316:3_s316:0.5_tef:0.5,6,22,2.3,,
166,flat,24,s316:3_s316:0.5_tef:0.5,6,22,2.28,,
167,flat,24,s316:3_s316:0.5_tef:0.5,6,22,5.5,,
168,flat,24,s316:3_s316:0.5_tef:0.5,6,22,6.17,,
169,flat,24,s316:3_s316:0.5_tef:0.5,6,22,2.27,,
170,flat,2,s316:0.1_s316:0.1_plastic:0.05,0.5,25,0.81,,
171,flat,2,s316:0.1_s316:0.1_plastic:0.05,0.5,25,0.98,,
172,flat,2,s316:0.1_s316:0.1_plastic:0.05,0.5,25,1.1,,
173,flat,2,s316:0.1_s316:0.1_plastic:0.05,0.5,25,1.2,,
174,flat,2,s316:0.1_s316:0.1_plastic:0.05,0.5,25,0.6,,
175,flat,2,s316:0.1_s316:0.1_plastic:0.05,0.5,25,0.68,,
176,flat,2,s316:0.1_s316:0.1_plastic:0.05,0.5,25,1.42,,
177,flat,2,s316:0.1_s316:0.1_plastic:0.05,0.5,25,0.54,,
178,flat,2,s316:0.1_s316:0.1_plastic:0.05,0.5,25,0.46,,
179,flat,2,s316:0.1_s316:0.1_plastic:0.05,0.5,25,0.39,,
180,flat,2,s316:0.1_s316:0.1_plastic:0.05,0.5,25,0.44,,
181,flat,2,s316:0.1_s316:0.1_plastic:0.05,0.5,25,0.6,,
182,flat,2,s316:0.1_s316:0.1_plastic:0.05,0.5,25,0.65,,
183,flat,2,s316:0.1_s316:0.1_plastic:0.05,0.5,25,0.62,,
184,flat,2,s316:0.1_s316:0.1_plastic:0.05,0.5,25,0.35,,
185,flat,2,s316:0.1_s316:0.1_plastic:0.05,0.5,25,0.47,,
186,flat,2,s316:0.1_s316:0.1_plastic:0.05,0.5,25,0.39,,
187,flat,2,s316:0.1_s316:0.1_plastic:0.05,0.5,25,0.54,,
188,flat,2,s316:0.1_s316:0.1_plastic:0.05,0.5,25,0.54,,
189,flat,2,s316:0.1_s316:0.1_plastic:0.05,0.5,25,0.52,,
190,flat,2,s316:0.1_s316:0.1_plastic:0.05,0.5,25,0.55,,
191,flat,2,s316:0.1_s316:0.1_plastic:0.05,0.5,25,0.15,,
192,flat,2,s316:0.1_s316:0.1_plastic:0.05,0.5,25,0.47,,
193,flat,2,s316:0.1_s316:0.1_plastic:0.05,0.5,25,0.48,,
194,flat,2,s316:0.1_s316:0.1_plastic:0.05,0.5,25,0.51,,
195,flat,2,s316:0.1_s316:0.1_plastic:0.05,0.5,25,0.67,,
196,flat,6,s316:0.5_s316:0.5_tef:0.2,7.5,77,9.62,,
197,flat,6,s316:0.5_s316:0.5_tef:0.2,7.5,77,9.65,,
198,flat,6,s316:0.5_s316:0.5_tef:0.2,7.5,77,7.92,,
199,flat,6,s316:0.5_s316:0.5_tef:0.2,7.5,77,7.83,,
200,flat,6,s316:0.5_s316:0.5_tef:0.2,7.5,77,5.36,,
201,flat,6,s316:0.5_s316:0.5_tef:0.2,7.5,77,5.41,,
202,flat,6,s316:0.5_s316:0.5_tef:0.2,7.5,77,5.48,,
203,flat,6,s316:0.5_s316:0.5_tef:0.2,7.5,77,5.56,,
204,flat,6,s316:0.5_s316:0.5_tef:0.2,7.5,77,5.75,,
205,flat,6,s316:0.5_s316:0.5_tef:0.2,7.5,77,6.05,,
206,flat,6,s316:0.5_s316:0.5_tef:0.2,7.5,77,4.83,,
207,flat,6,s316:0.5_s316:0.5_tef:0.2,7.5,77,4.63,,
208,flat,6,s316:0.5_s316:0.5_tef:0.2,7.5,77,5.24,,
209,flat,6,s316:0.5_s316:0.5_tef:0.2,7.5,77,5.26,,
210,forward,3,S316:0.4_nickel:0.25_tef:0.3,8.03,20,9.8,,
211,forward,3,S316:0.05_nickel:0.25_tef:0.4,8.03,20,8.45,,
212,forward,3,S316:0.05_nickel:0.25_tef:0.2,8.03,20,7.65,,
213,forward,3,S316:0.05_nickel:0.25_tef:0.3,8.03,20,7.3,,
214,forward,4,inconel:1_s316L:0.05_tef:0.3,27.7,325,31,,
215,forward,4,inconel:1_s316L:0.05_tef:0.05,29.1,20,31.76,,
216,forward,4,inconel:1_s316L:0.05_tef:0.2,27.7,325,30.41,,
217,forward,4,inconel:1_s316L:0.05_tef:0.2,29.1,20,29.98,,
218,forward,3,s316L:0.2_s316L:0.1_tef:0.3,4.6,60,4.5,,
219,forward,3,s316L:0.2_s316L:0.1_tef:0.4,4.6,60,2.81,,
220,forward,3,s316L:0.2_s316L:0.1_tef:0.2,4.6,60,4.53,,
221,forward,3,s316L:0.3_s316L:0.1_tef:0.3,4.6,60,29.98,,
222,forward,3,s316L:0.3_s316L:0.1_tef:0.3,4.6,60,4.65,,
223,forward,1,S316L:0.05_S316L:0.1_tef:0.05,5,30,6.02,,
224,forward,4,inconel:0.42_s316L:0.1_tef:0.3,115,100,116.7,,
225,forward,4,inconel:0.42_s316L:0.1_tef:0.05,115,100,119.1,,
226,forward,4,inconel:0.42_s316L:0.1_tef:0.3,75,100,78.1,,
227,forward,4,inconel:0.42_s316L:0.1_tef:0.05,75,100,77.8,,
228,forward,1,s316L:0.1_s316L:0.1_tef:0.05,5,165,5.63,,
229,forward,1,s316L:0.1_s316L:0.1_tef:0.05,5,165,5.37,,
230,forward,1,s316L:0.1_s316L:0.1_tef:0.05,2.5,165,2.69,,
231,forward,1,s316L:0.1_s316L:0.1_tef:0.05,2.5,165,2.64,,
232,forward,1,s316L:0.1_s316L:0.1_tef:0.05,2.5,165,2.27,,
233,forward,1,s316L:0.1_s316L:0.1_tef:0.05,2.5,165,2.22,,
234,forward,1,s316L:0.1_s316L:0.1_tef:0.05,7,38,7.39,,
235,forward,1,s316L:0.1_s316L:0.1_tef:0.05,7,38,7.76,,
236,forward,1,s316L:0.1_s316L:0.1_tef:0.05,7,38,6.53,,
237,forward,1,s316L:0.1_s316L:0.1_tef:0.05,5,20,4.32,,
238,forward,1,s316L:0.1_s316L:0.1_tef:0.05,5,20,4.21,,
239,forward,3,s316L:0.1_s316L:0.1_tef:0.1,1,148,1.01,,
240,forward,3,s316L:0.1_s316L:0.1_tef:0.1,1,148,1.1,,
241,forward,3,s316L:0.1_s316L:0.1_tef:0.1,1,148,0.8,,
242,forward,3,s316L:0.1_s316L:0.1_tef:0.1,1,148,0.985,,
243,forward,1,s316L:0.05_s316L:0.05_s316L:0.05_tef:0.1,5,22,5.31,,
244,forward,1,s316L:0.05_s316L:0.05_s316L:0.05_tef:0.1,5,22,5.33,,
245,forward,1,s316L:0.05_s316L:0.2_s316L:0.05_tef:0.1,5,22,5.8,,
246,forward,1,s316L:0.05_s316L:0.05_s316L:0.05_tef:0.1,5,22,5.4,,
247,forward,1,s316L:0.1_s316L:0.1_tef:0.1,10,181,10.63,,
248,forward,1,s316L:0.1_s316L:0.1_tef:0.1,10,181,9.42,,
249,forward,1,s316L:0.1_s316L:0.1_tef:0.1,10,181,8.86,,
250,forward,1,s316L:0.1_s316L:0.1_tef:0.1,10,181,9.3,,
251,forward,1,s316L:0.1_s316L:0.1_tef:0.1,10,181,11.7,,
252,forward,1,s316L:0.1_s316L:0.1_tef:0.1,10,181,6.13,,
253,forward,1.5,s316L:0.1_s316L:0.1_tef:0.2,10,180,8.8,,
254,forward,1.5,s316L:0.1_s316L:0.1_s316L:0.1_tef:0.1,10,180,9.06,,
255,forward,1.5,s316L:0.1_s316L:0.1_s316L:0.1_tef:0.1,10,180,10.08,,
256,forward,1.5,s316L:0.2_s316L:0.1_s316L:0.1_tef:0.1,10,180,18.86,,
257,forward,1.5,s316L:0.1_s316L:0.1_s316L:0.1_tef:0.1,10,180,9.15,,
258,forward,3,s316L:0.3_s316L:0.1_tef:0.3,3.3,130,2.96,,
259,forward,3,s316L:0.3_s316L:0.1_tef:0.3,3.3,130,2.86,,
260,forward,3,s316L:0.3_s316L:0.1_tef:0.3,3.3,130,3.57,,
261,forward,3,s316L:0.3_s316L:0.1_tef:0.3,3.3,130,3.9,,
262,forward,3,s316L:0.3_s316L:0.1_tef:0.3,3.3,130,3.15,,
263,forward,4,s316L:0.3_s316L:0.1_tef:0.3,3.3,131,2.6,,
264,forward,4,s316L:0.3_s316L:0.1_tef:0.2,3.3,131,3.08,,
265,forward,4,s316L:0.3_s316L:0.1_tef:0.3,3.3,131,3.28,,
266,forward,4,s316L:0.3_s316L:0.1_tef:0.3,3.3,131,3.56,,
267,forward,4,s316L:0.3_s316L:0.1_tef:0.3,3.3,131,3.65,,
268,forward,4,s316L:0.3_s316L:0.1_tef:0.3,3.3,131,3.28,,
269,forward,16,s316L:0.4_s316L:0.1_fep:0.4,0.5,22,0.51,,
270,forward,16,s316L:0.4_s316L:0.1_fep:0.4,0.5,22,0.575,,
271,forward,4,inconel:1_ inconel:0.42_ptfe:0.5,17.2,65.6,15,,
272,forward,4,inconel:1_ inconel:0.42_ptfe:0.5,17.2,65.6,18.13,,
273,forward,6,s316L:0.6_s316L:0.2_s316L:0.1_ptfe:0.5,2.35,50,2.49,,
274,forward,6,s316L:0.6_s316L:0.2_s316L:0.1_ptfe:0.5,2.35,50,2.02,,
275,forward,6,s316L:0.6_s316L:0.2_s316L:0.1_ptfe:0.5,2.35,50,1.97,,
276,forward,6,s316L:0.6_s316L:0.2_s316L:0.1_ptfe:0.5,2.35,50,2.66,,
277,forward,4,s316L:1_s316L:0.6_ptfe:0.5,8.4,80,7.91,,
278,forward,4,s316L:1_s316L:0.6_ptfe:0.5,8.4,80,8.38,,
279,forward,4,s316L:1_s316L:0.6_ptfe:0.5,8.4,80,8.05,,
280,forward,2,s316:0.1_inconel:0.45_fep:0.1,3.25,75,3.75,,
281,forward,2,s316:0.1_inconel:0.45_fep:0.1,3.25,75,3.25,,
282,forward,12,s316:1.5_inconel:0.42_ptfe:0.5,16.17,81.67,9.59,,
283,forward,12,s316:1.5_inconel:0.42_ptfe:0.5,16.17,81.67,13.6,,
284,forward,12,s316:1.5_inconel:0.42_ptfe:0.5,16.17,81.67,15.3,,
285,forward,1,s316:0.1_s316:1_fep:.1,5,30,5.15,,
286,forward,1,s316:0.1_s316:1_fep:0.1,5,30,5.43,,
287,forward,1,s316:0.1_s316:1_fep:0.1,5,30,5.59,,
288,forward,1,s316:0.05_s316:0.05_fep:0.1,5,30,4.87,,
289,forward,1,s316:0.05_s316:0.05_fep:0.1,5,30,6.47,,
290,forward,1,s316:0.05_s316:0.05_fep:0.1,5,30,5.35,,
291,forward,1.5,s316:0.1_s316L:0.1_tef:0.1,2,135,1.35,,
292,forward,1.5,s316:0.1_s316L:0.1_tef:0.1,2,135,1.39,,
293,forward,1.5,s316:0.1_s316L:0.1_tef:0.1,2,135,2.09,,
294,forward,1.5,s316:0.1_s316L:0.1_tef:0.1,2,135,2.04,,
295,forward,1.5,s316:0.1_s316L:0.1_tef:0.1,2,135,1.99,,
296,forward,1.5,s316:0.1_s316:0.1_tef:0.3,2,135,2.25,,
297,forward,2,s316:0.1_s316:0.1_tef:0.3,3,60.2,3.2,,
298,forward,2,s316:0.1_s316:0.1_tef:0.3,3,60.2,2.94,,
299,forward,3,s316L:0.5_s316L:0.1_tef:0.5,3,48,2.57,,
300,forward,3,s316L:0.3_s316L:0.1_tef:0.5,3,48,3.47,,
301,forward,0.5,s316:0.2_s316:0.05_s316L:0.1_ptfe:0.5,248,100,249.4,,
302,forward,0.5,s316:0.2_s316:0.05_s316L:0.1_ptfe:0.4,248,100,245.7,,
303,forward,4,s316:1_s316:0.4_ptfe:0.5,10,100,16.8,,
304,forward,4,s316:1_s316:0.4_ptfe:0.4,10,100,7.86,,
305,forward,4,s316:1_s316:0.4_ptfe:0.5,10,100,9.87,,
306,forward,4,s316:1_s316:0.4_ptfe:0.5,10,100,10.45,,
307,forward,4,s316:1_s316:0.4_ptfe:0.5,10,100,10.25,,
308,forward,12,s316:0.5_ aluminum :0.2_ aluminum:0.2_s316:0.5,3.5,250,1.73,,
309,forward,12,s316:0.5_ aluminum :0.2_ aluminum:0.2_s316:0.5,3.5,250,3.42,,
310,forward,1.5,s316:0.1_s316L:0.1_ptfe:0.1,3.3,149,9.04,,
311,forward,1.5,s316:0.1_s316L:0.1_ptfe:0.1,3.3,149,2.49,,
312,forward,1.5,s316:0.1_s316L:0.1_ptfe:0.1,3.3,149,2.59,,
313,forward,1.5,s316:0.1_s316L:0.1_ptfe:0.1,3.3,149,3.35,,
314,forward,1.5,s316:0.1_s316L:0.1_ptfe:0.1,3.3,149,3.18,,
315,forward,1.5,s316:0.1_s316:0.1_ptfe:0.1,3.3,149,3.5,,
316,forward,1.5,s316:0.1_s316:0.1_ptfe:0.1,3.3,149,3.3,,
317,forward,1.5,s316:0.1_s316:0.1_ptfe:0.1,3.3,149,3.65,,
318,forward,1.5,s316:0.1_s316:0.1_ptfe:0.1,3.3,149,3.49,,
319,forward,1.5,s316:0.1_s316:0.1_ptfe:0.1,3.3,149,3.71,,
320,forward,1.5,s316:0.2_s316:0.1_ptfe:0.2,3.3,149,3.21,,
321,forward,1.5,s316:0.1_s316:0.1_ptfe:0.1,3.3,149,2.75,,
322,forward,1.5,s316:0.1_s316:0.1_ptfe:0.1,3.3,149,3.99,,
323,forward,1.5,s316:0.1_s316:0.1_ptfe:0.1,3.3,149,2.7,,
324,forward,1.5,s316:0.1_s316:0.1_ptfe:0.1,3.3,149,3.01,,
325,forward,1.5,s316:0.1_s316:0.1_ptfe:0.1,3.3,149,3.65,,
326,forward,1.5,s316:0.1_s316:0.1_ptfe:0.1,3.3,149,3.43,,
327,forward,1.5,s316:0.1_s316:0.1_ptfe:0.1,3.3,149,5.3,,
328,forward,1.5,s316:0.1_s316:0.1_ptfe:0.1,3.3,149,3.5,,
329,forward,1.5,s316:0.1_s316:0.1_ptfe:0.1,3.3,149,3.13,,
330,forward,1.5,s316:0.1_s316:0.1_ptfe:0.1,3.3,149,3.85,,
331,forward,1.5,s316:0.1_s316:0.1_ptfe:0.1,3.3,149,3.1,,
332,forward,1.5,s316:0.1_s316:0.1_ptfe:0.1,3.3,149,2.65,,
333,forward,1.5,s316:0.1_s316:0.1_ptfe:0.1,3.3,149,3.7,,
334,forward,1.5,s316:0.1_s316:0.2_ptfe:0.1,3.3,149,3.1,,
335,forward,1.5,s316:0.1_s316:0.2_ptfe:0.1,3.3,149,3.03,,
336,forward,1.5,s316:0.4_inconel:0.42_ptfe:0.3,204,20,24.46,,
337,forward,1.5,s316:0.4_inconel:0.42_ptfe:0.3,204,20,17.79,,
338,forward,1.5,s316:0.4_inconel:0.42_ptfe:0.3,204,20,19.06,,
339,forward,1.5,s316:0.4_inconel:0.42_ptfe:0.3,204,20,19.86,,
340,forward,1.5,s316:0.4_inconel:0.42_ptfe:0.3,204,20,19.02,,
341,forward,1.5,s316:0.4_inconel:0.42_ptfe:0.3,204,20,21.78,,
342,forward,1.5,s316:0.4_inconel:0.42_ptfe:0.3,204,20,19.11,,
343,forward,1.5,s316:0.4_inconel:0.42_ptfe:0.3,204,20,19.57,,
344,forward,3,s316:0.5_s316:0.5_fep:0.15,3.25,48,3.12,,
345,forward,3,s316:0.5_s316:0.5_fep:0.15,3.25,48,2.97,,
346,forward,3,s316:0.5_s316:0.5_fep:0.15,3.25,48,3.09,,
347,forward,3,s316:0.5_s316:0.5_fep:0.15,3.25,48,3.17,,
348,forward,14,s316:1.5_s316:1_ptfe:0.5,8.81,180,7.83,,
349,forward,6,s316:0.5_s316:0.3_tef:0.5,5.49,82,5.61,,
350,forward,6,s316:0.5_s316:0.3_tef:0.5,5.49,82,5.57,,
351,forward,6,s316:0.5_s316:0.3_tef:0.5,5.49,82,5.13,,
352,forward,6,s316:0.5_s316:0.3_tef:0.5,5.49,82,5.54,,
353,forward,6,s316:0.5_s316:0.3_tef:0.5,5.49,82,5.6,,
354,forward,3,s316:0.5_s316:0.3_tef:0.5,5.49,82,5.8,,
355,forward,3,s316:0.5_s316:0.3_tef:0.5,5.49,82,5.84,,
356,forward,3,s316:0.5_s316:0.3_tef:0.5,5.49,82,5.72,,
357,forward,3,s316:0.5_s316:0.3_tef:0.5,5.49,82,5.78,,
358,forward,3,s316:0.5_s316:0.3_tef:0.5,5.49,82,5.66,,
359,forward,10,s316:1.5_s316:0.1_tef:0.5,3,200,3.42,,
360,forward,10,s316:1.5_s316:0.1_tef:0.5,3,200,4,,
361,forward,10,s316:1.5_s316:0.1_tef:0.5,3,200,2.94,,
362,forward,10,s316:1.5_s316:0.1_tef:0.5,3,200,3.03,,
363,forward,10,s316:1.5_s316:0.1_tef:0.5,3,200,2.8,,
364,forward,10,s316:1.5_s316:0.1_tef:0.5,3,200,4.1,,
365,forward,10,s316:1.5_s316:0.1_tef:0.5,3,200,3.3,,
366,forward,10,s316:1.5_s316:0.1_tef:0.5,3,200,2.88,,
367,forward,10,s316:1.5_s316:0.1_tef:0.5,3,200,2.97,,
368,forward,10,s316:1.5_s316:0.1_tef:0.5,2.7,200,2.63,,
369,forward,10,s316:1.5_s316:0.1_tef:0.5,2.7,200,3.13,,
370,forward,10,s316:1.5_s316:0.1_tef:0.5,2.7,200,2.88,,
371,forward,10,s316:1.5_s316:0.1_tef:0.5,2.7,200,2.71,,
372,forward,10,s316:1.5_s316:0.1_tef:0.5,2.7,200,2.6,,
373,forward,10,s316:1.5_s316:0.1_tef:0.5,2.7,200,8,,
374,forward,10,s316:1.5_s316:0.1_tef:0.5,2.7,200,5.57,,
375,forward,10,s316:1.5_s316:0.1_tef:0.5,2.7,200,2.58,,
376,forward,10,s316:1.5_s316:0.1_tef:0.5,2.7,200,3.65,,
377,forward,10,s316:1.5_s316:0.1_tef:0.5,2.7,200,3.85,,
378,forward,8,s316:0.5_s316:0.4_tef:0.3,2.6,140,1.8,,
379,forward,8,s316:0.5_s316:0.4_tef:0.3,2.6,140,3.8,,
380,forward,8,s316:0.5_s316:0.4_tef:0.3,2.6,140,2.79,,
381,forward,8,s316:0.5_s316:0.4_tef:0.3,2.6,140,2.57,,
382,forward,8,s316:0.5_s316:0.4_tef:0.3,2.6,140,2.56,,
383,forward,8,s316:0.5_s316:0.4_tef:0.3,2.6,140,2.46,,
384,forward,8,s316:0.5_s316:0.4_tef:0.3,2.6,140,2.59,,
385,forward,8,s316:0.5_s316:0.4_tef:0.3,2.6,140,2.49,,
386,forward,3,s316:0.3_s316:0.3_tef:0.1,4.2,50,4.03,,
387,forward,3,s316:0.3_s316:0.3_tef:0.1,4.2,50,4.16,,
388,forward,3,s316:0.3_s316:0.3_tef:0.1,4.2,50,4.43,,
389,forward,3,s316:0.3_s316:0.3_tef:0.1,4.2,50,4.15,,
390,forward,3,s316:0.3_s316:0.3_tef:0.1,4.2,50,4.25,,
391,forward,14,s316:1_s316:1.5_tef:0.4,8.81,180,8.25,,
392,forward,14,s316:1_s316:1.5_tef:0.4,8.81,180,8.18,,
393,forward,10,s316:0.5_s316:0.5_ptfe:0.4,160,2,1.94,,
394,forward,10,s316:0.5_s316:0.5_ptfe:0.4,160,2,1.6,,
395,forward,10,s316:0.5_s316:0.5_ptfe:0.4,160,2,1.91,,
396,forward,16,s316:0.5_s316:0.5_ptfe:0.4,160,2,2.03,,
397,forward,3,s316:0.3_s316:0.3_ aluminum :0.1_tef:0.1,3.5,240,4.2,,
398,forward,3,s316:0.3_s316:0.3_ aluminum :0.1_tef:0.1,3.5,240,3.5,,
399,forward,3,s316:0.3_s316:0.3_ aluminum :0.1_tef:0.1,3.5,240,6.2,,
400,forward,3,s316:0.3_s316:0.3_ aluminum :0.1_tef:0.1,3.5,240,5.4,,
401,forward,3,s316:0.3_s316:0.3_ aluminum :0.1_tef:0.1,3.5,240,10,,
402,forward,3,s316:0.3_s316:0.3_ aluminum :0.1_tef:0.1,3.5,240,4.7,,
403,forward,3,s316:0.3_s316:0.3_ aluminum :0.1_tef:0.1,3.5,240,6.9,,
404,forward,3,s316:0.3_s316:0.3_ aluminum :0.1_tef:0.1,3.5,240,3.78,,
405,forward,3,s316:0.3_s316:0.3_ aluminum :0.1_tef:0.1,3.5,240,4.91,,
406,forward,3,s316:0.3_s316:0.3_ aluminum :0.1_tef:0.1,3.5,240,5.5,,
407,forward,3,s316:0.3_s316:0.3_ aluminum :0.1_tef:0.1,3.5,240,3.58,,
408,forward,3,s316:0.3_s316:0.3_ aluminum :0.1_tef:0.1,3.5,240,3.25,,
409,forward,3,s316:0.3_s316:0.3_ aluminum :0.1_tef:0.1,3.5,240,3.33,,
410,forward,3,s316:0.3_s316:0.3_ aluminum :0.1_tef:0.1,3.5,240,3.47,,
411,forward,3,s316:0.3_s316:0.3_ aluminum :0.1_tef:0.1,3.5,240,3.04,,
412,forward,3,s316:0.3_s316:0.3_ aluminum :0.1_tef:0.1,3.5,240,3.33,,
413,forward,3,s316:0.3_s316:0.3_ aluminum :0.1_tef:0.1,3.5,240,4.2,,
414,forward,3,s316:0.3_s316:0.3_ aluminum :0.1_tef:0.1,3.5,240,4,,
415,forward,3,s316:0.3_s316:0.3_ aluminum :0.1_tef:0.1,3.5,240,3.58,,
416,forward,3,s316:0.3_s316:0.3_ aluminum :0.1_tef:0.1,3.5,240,5.33,,
417,forward,3,s316:0.3_s316:0.3_ aluminum :0.1_tef:0.1,3.5,240,6.83,,
418,forward,4,s316:0.3_s316:0.3_ aluminum :0.1_tef:0.1,3.25,180,3.11,,
419,forward,4,s316:0.3_s316:0.3_ aluminum :0.1_tef:0.1,3.25,180,3.27,,
420,forward,4,s316:0.3_s316:0.3_ aluminum :0.1_tef:0.1,3.25,180,3.5,,
421,forward,4,s316:0.3_s316:0.3_ aluminum :0.1_tef:0.1,3.25,180,4.09,,
422,forward,4,s316:0.3_s316:0.3_ aluminum :0.1_tef:0.1,3.25,180,5,,
423,forward,4,s316:0.5_s316:0.5_tef:0.1,5,22,3.73,,
424,forward,4,s316:0.5_s316:0.5_tef:0.1,5,22,5.1,,
425,forward,4,s316:0.5_s316:0.5_tef:0.1,5,22,5.5,,
426,forward,4,s316:0.5_s316:0.5_tef:0.1,5,22,5.2,,
427,forward,4,s316:0.5_s316:0.5_tef:0.1,5,22,4.9,,
428,forward,4,s316:0.5_s316:0.5_tef:0.1,5,22,4.84,,
429,forward,4,s316:0.5_s316:0.5_tef:0.1,5,22,5.05,,
430,forward,4,s316:0.5_s316:0.5_tef:0.1,5,22,4.85,,
431,forward,4,s316:0.5_s316:0.5_tef:0.1,5,22,4.12,,
432,forward,4,s316:0.5_s316:0.5_tef:0.1,5,22,5.4,,
433,forward,4,s316:0.5_s316:0.5_tef:0.1,5,22,5.2,,
434,forward,4,s316:0.5_s316:0.5_tef:0.1,5,22,5.1,,
435,forward,4,s316:0.5_s316:0.5_tef:0.1,5,22,4.72,,
436,forward,4,s316:0.5_s316:0.5_tef:0.1,5,22,5.04,,
437,forward,4,s316:0.5_s316:0.5_tef:0.1,5,22,5.003,,
438,forward,12,s316:0.5_s316:0.2_ aluminum :0.2_s316:0.5_tef:0.5,3.5,250,4.5,,
439,forward,12,s316:0.5_s316:0.2_ aluminum :0.2_s316:0.5_tef:0.5,3.5,250,3.58,,
440,forward,12,s316:0.5_s316:0.2_ aluminum :0.2_s316:0.5_tef:0.5,3.5,250,6.63,,
441,forward,12,s316:0.5_s316:0.2_ aluminum :0.2_s316:0.5_tef:0.5,3.5,250,3.85,,
442,forward,12,s316:0.5_s316:0.2_ aluminum :0.2_s316:0.5_tef:0.5,3.5,250,5.94,,
443,forward,12,s316:0.5_s316:0.2_ aluminum :0.2_s316:0.5_tef:0.5,3.5,250,5.5,,
444,forward,12,s316:0.5_s316:0.2_ aluminum :0.2_s316:0.5_tef:0.5,3.5,250,6.25,,
445,forward,12,s316:0.5_s316:0.2_ aluminum :0.2_s316:0.5_tef:0.5,3.5,250,3.53,,
446,forward,12,s316:0.5_s316:0.2_ aluminum :0.2_s316:0.5_tef:0.5,3.5,250,2.25,,
447,forward,3,s316:0.5_s316:0.5_tef:0.1,4.2,50,3.98,,
448,forward,3,s316:0.5_s316:0.5_tef:0.1,4.2,50,3.95,,
449,forward,3,s316:0.5_s316:0.5_tef:0.1,4.2,50,4.05,,
450,forward,3,s316:0.5_s316:0.5_tef:0.1,4.2,50,3.74,,
451,forward,3,s316:0.5_s316:0.5_tef:0.1,4.2,50,3.64,,
452,forward,3,s316:0.5_s316:0.5_tef:0.1,4.2,50,3.54,,
453,forward,3,s316:0.5_s316:0.5_tef:0.1,4.2,50,3.72,,
454,forward,3,s316:0.5_s316:0.5_tef:0.1,4.2,50,3.95,,
455,forward,3,s316:0.5_s316:0.5_tef:0.1,4.2,50,3.9,,
456,forward,3,s316:0.5_s316:0.5_tef:0.1,4.2,50,4.04,,
457,forward,3,s316:0.5_s316:0.5_tef:0.1,4.2,50,3.95,,
458,forward,3,s316:0.5_s316:0.5_tef:0.1,4.2,50,4.6,,
459,forward,3,s316:0.5_s316:0.5_tef:0.1,4.2,50,4.7,,
460,forward,3,s316:0.5_s316:0.5_tef:0.1,4.2,50,5,,
461,forward,3,s316:0.5_s316:0.5_tef:0.1,4.2,50,4.15,,
462,forward,3,s316:0.5_s316:0.5_tef:0.1,4.2,50,4.2,,
463,forward,3,s316:0.5_s316:0.5_tef:0.1,4.2,50,4.12,,
464,forward,3,s316:0.5_s316:0.5_tef:0.1,4.2,50,4.65,,
465,forward,3,s316:0.5_s316:0.5_tef:0.1,4.2,50,4.22,,
466,forward,3,s316:0.5_s316:0.5_tef:0.1,4.2,50,4.45,,
467,forward,3,s316:0.5_s316:0.5_tef:0.1,4.2,50,4.25,,
468,forward,3,s316:0.5_s316:0.5_tef:0.1,4.2,50,5.3,,
469,forward,3,s316:0.5_s316:0.5_tef:0.1,4.2,50,5.6,,
470,forward,3,s316:0.5_s316:0.5_tef:0.1,4.2,50,4.55,,
471,forward,3,s316:0.5_s316:0.5_tef:0.1,4.2,50,4.38,,
472,forward,3,s316:0.5_s316:0.5_tef:0.1,4.2,50,4.63,,
473,forward,3,s316:0.5_s316:0.5_tef:0.1,4.2,50,4.43,,
474,forward,3,s316:0.5_s316:0.5_tef:0.1,4.2,50,4.65,,
475,forward,3,s316:0.5_s316:0.5_tef:0.1,4.2,50,4.24,,
476,forward,3,s316:0.5_s316:0.5_tef:0.1,4.2,50,4.35,,
477,forward,3,s316:0.5_s316:0.5_tef:0.1,4.2,50,2.8,,
478,forward,3,s316:0.5_s316:0.5_tef:0.1,4.2,50,3.43,,
479,forward,3,s316:0.5_s316:0.5_tef:0.1,4.2,50,4.65,,
480,forward,3,s316:0.5_s316:0.5_tef:0.1,4.2,50,4.17,,
481,forward,3,s316:0.5_s316:0.5_tef:0.1,4.2,50,4.23,,
482,forward,3,s316:0.5_s316:0.5_tef:0.1,4.2,50,4.11,,
483,forward,3,s316:0.5_s316:0.5_tef:0.1,4.2,50,4.38,,
484,forward,3,s316:0.5_s316:0.5_tef:0.1,4.2,50,4.33,,
485,forward,3,s316:0.5_s316:0.5_tef:0.1,4.2,50,4.01,,
486,reverse,0.5,monel :0.4_s316:0.05_ptfe:0.1,20.2,20,19.72,4,A11/2inRP2
487,reverse,0.5,inconel :0.4_s316:0.05_ptfe:0.1,20.2,20,18.86,4,A11/2inRP2
488,reverse,1,monel :0.6_ s316:0.05_ptfe:0.1,15,22,12.5,6.65,A11/2inRP10-MAmodified
489,reverse,1,monel :0.6_ s316:0.05_ptfe:0.1,15,22,15.1,6.65,MA11/2inRP1
490,reverse,1,monel :0.6_ s316:0.05_ptfe:0.1,15,22,15.7,6.65,MA11/2inRP1
491,reverse,1,s316:0.6_s316:0.05_ptfe:0.1,15,165,17.93,6.07,A11/2inRP2
492,reverse,1,s316:0.4_s316:0.05_ptfe:0.1,15,165,8.85,6.07,A11/2inRP3
493,reverse,1,s316:0.4_s316:0.05_ptfe:0.1,15,165,10.16,6.07,A11/2inRP3
494,reverse,1,s316:0.6_s316:0.05_ptfe:0.1,15,165,22.97,6.07,A11/2inRP4
495,reverse,1,s316:0.6_s316:0.05_ptfe:0.1,15,165,20.78,6.07,A11/2inRP4
496,reverse,1,s316:0.6_s316:0.05_ptfe:0.1,15,165,15.18,6.07,A11/2inRP5
497,reverse,1,s316:0.6_s316:0.05_ptfe:0.1,15,165,14.31,6.07,A11/2inRP5
498,reverse,1.5,s316:0.5_s316:0.05_ptfe:0.1,15,10,12.21,8.4,A11/2inRp7
499,reverse,1.5,s316:0.5_s316:0.5_ptfe:0.1,4,153,11.5,19.82,
500,reverse,1.5,s316:0.5_s316:0.5_ptfe:0.1,4,153,4.23,5.88,
501,reverse,1.5,s316:0.5_s316:0.5_ptfe:0.1,4,153,4.17,5.88,
502,reverse,1.5,s316:0.5_s316:0.5_ptfe:0.1,4,153,3.5,5.88,
503,reverse,2,s316:0.4_s316:0.05_ptfe:0.1,5.9,25,5.38,9.7,A2inRP16
504,reverse,2,s316:0.4_s316:0.05_ptfe:0.1,5.9,25,5.34,9.7,A2inRP16
505,reverse,2,s316:0.4_s316:0.05_ptfe:0.1,5.9,25,5.4,9.7,A2inRP16
506,reverse,2,s316:0.4_s316:0.05_ptfe:0.1,5.9,25,5.74,9.7,A2inRP16
507,reverse,2,s316:0.4_s316:0.05_ptfe:0.1,5.9,25,5.74,9.7,A2inRP16
508,reverse,2,s316:0.8_inconel:0.05_ptfe:0.1,27.7,115,36.67,10,MA2inRP14
509,reverse,2,s316:0.8_inconel:0.05_ptfe:0.1,27.7,115,26.47,10,A2inRP1
510,reverse,2,s316:0.8_inconel:0.05_ptfe:0.1,27.7,115,25,10,A2inRP1
511,reverse,2,s316:0.8_inconel:0.05_ptfe:0.1,27.7,115,27.1,10,A2inRP1
512,reverse,2,s316:0.5_s316:0.05_ptfe:0.1,3.38,58.4,3.35,9.83,MA2inRP5
513,reverse,2,s316:0.5_s316:0.05_ptfe:0.1,3.18,58.4,3.16,9.83,MA2inRP5
514,reverse,2,s316:0.5_s316:0.05_ptfe:0.1,3.38,58.4,3.33,9.83,MA2inRP5
515,reverse,2,s316:0.5_s316:0.05_ptfe:0.1,3.18,58.4,3.17,9.83,MA2inRP5
516,reverse,2,s316:0.8_s316:0.05_ptfe:0.1,19,55,20.05,9.8,A2inRP3
517,reverse,2,s316:0.8_s316:0.05_ptfe:0.1,19,55,16.29,9.8,A2inRP11
518,reverse,2,inconel:0.8_s316:0.05_ptfe:0.1,13.5,80,11.07,9.97,A2inRP12
519,reverse,2,inconel:0.8_s316:0.05_ptfe:0.1,13.5,80,14.27,9.97,A2inRP13
520,reverse,2,inconel:0.8_s316:0.05_ptfe:0.1,13.5,80,13.5,9.97,A2inRP13.m.
521,reverse,2,inconel:0.8_s316:0.05_ptfe:0.1,13.5,80,14.01,9.97,A2inRP13.5.m
522,reverse,2,inconel:0.8_s316:0.05_ptfe:0.1,13.5,80,14.81,9.97,A2inRP13.5.s.m.
523,reverse,2,inconel:0.8_s316:0.05_ptfe:0.1,13.5,80,14.45,9.97,A2inRP13.T.M.
524,reverse,2,s316:0.8_s316:0.05_ptfe:0.1,19,115,17.6,10.96,A2inRP10
525,reverse,2,s316:0.8_s316:0.05_ptfe:0.1,19,115,16.29,10.96,A2inRP10.m.
526,reverse,2,s316:0.4_s316:0.05_ptfe:0.1,7.5,65,4.12,13.77,A2inRP4
527,reverse,2,s316:0.4_s316:0.05_ptfe:0.1,7.5,65,7.53,13.77,A2inRP5
528,reverse,2,s316:0.8_s316:0.05_ptfe:0.1,7.5,65,12.13,13.77,A2inRP4
529,reverse,2,s316:0.6_s316:0.05_ptfe:0.1,7.5,65,6.54,13.77,A2inRP6
530,reverse,2,s316:0.5_s316:0.05_ptfe:0.1,7.5,65,5.47,13.77,A2inRP8
531,reverse,2,s316:0.5_s316:0.05_ptfe:0.1,7.5,65,4.9,13.77,A2inRP7
532,reverse,2,s316:0.5_s316:0.05_ptfe:0.1,7.5,65,7.74,13.77,A2inRP9
533,reverse,2,s316:0.5_s316:0.05_ptfe:0.1,7.5,65,6.27,13.77,A2inRP8.M
534,reverse,2,s316:0.8_s316:0.05_ptfe:0.1,20,115,27.4,9.5,A2inRP1
535,reverse,2,s316:0.8_s316:0.05_ptfe:0.1,20,115,17.77,9.5,A2inRP2
536,reverse,2,s316:0.4_s316:0.05_ptfe:0.1,6,22,6.55,10,2in29
537,reverse,2,s316:0.8_s316:0.05_ptfe:0.1,9.5,148,5.64,9.82,__
538,reverse,2,s316:0.8_s316:0.05_ptfe:0.1,9.5,148,9.23,9.05,2inR23
539,reverse,2,s316:0.8_s316:0.05_ptfe:0.1,9.5,148,6.73,9.05,2inR24
540,reverse,2,s316:0.8_s316:0.05_ptfe:0.1,9.5,148,6.05,9.05,2inR24
541,reverse,2,s316:0.8_s316:0.05_ptfe:0.1,9.5,148,6.07,9.05,2inR24
542,reverse,2,s316:0.8_s316:0.05_ptfe:0.1,9.5,148,7.31,9.05,2inR25
543,reverse,2,s316:0.8_s316:0.05_ptfe:0.1,9.5,148,7.13,9.05,2inR26
544,reverse,2,s316:0.8_s316:0.05_ptfe:0.1,9.5,148,9.3,9.05,2inR27
545,reverse,2,s316:0.8_s316:0.05_ptfe:0.1,9.5,148,9.43,9.05,2inR28
546,reverse,2,s316:0.8_s316:0.05_ptfe:0.1,12.5,85,9.05,9.05,2inR28
547,reverse,2,s316:0.8_s316:0.1_ptfe:0.1,12.5,85,15.23,10.38,__
548,reverse,2,s316:1_s316:0.05_ptfe:0.1,12.5,85,10.6,9.61,2inchIR65
549,reverse,2,s316:1_s316:0.05_ptfe:0.1,12.5,85,10.6,9.61,2inch17
550,reverse,2,s316:1_s316:0.05_ptfe:0.1,12.5,85,10.7,9.61,2inch18
551,reverse,2,s316:1_s316:0.05_ptfe:0.1,12.5,85,11.9,9.61,2inch19
552,reverse,2,s316:1_s316:0.05_ptfe:0.1,12.5,85,11.5,9.61,2inch21
553,reverse,2,s316:1_s316:0.05_ptfe:0.1,12.5,85,12,9.61,2inch20
554,reverse,2,s316:1_s316:0.05_ptfe:0.1,12.5,85,12.45,9.61,2inch21
555,reverse,2,s316:1_s316:0.05_ptfe:0.1,12.5,85,11.86,9.61,2inch21
556,reverse,3,hastelloy :1_ s316:0.05_ptfe:0.1,12,46,11.3,14.82,A3inRP16
557,reverse,3,hastelloy :1_ s316:0.05_ptfe:0.1,12,46,7.48,14.82,A3inRP17
558,reverse,3,hastelloy :1_ s316:0.05_ptfe:0.1,12,46,10.33,14.82,A3inRP17.m.
559,reverse,3,hastelloy :1_ s316:0.05_ptfe:0.1,12,46,11.7,14.82,A3inRP19
560,reverse,3,hastelloy :1_ s316:0.05_ptfe:0.1,13.5,250,13.09,14.82,A3inRP18
561,reverse,3,hastelloy :1_ s316:0.05_ptfe:0.1,13.5,250,12.2,14.82,A3inRP18.m.
562,reverse,3,hastelloy :1_ s316:0.05_ptfe:0.1,13.5,250,13.34,14.82,A3inRP18.sec.m.
563,reverse,3,s316:1_s316:0.05_ptfe:0.1,7.5,64,7.43,17.59,A3inRP11
564,reverse,3,s316:0.6_s316:0.05_ptfe:0.1,7.5,64,5.15,17.59,A3inRP10
565,reverse,3,s316:0.8_s316:0.05_ptfe:0.1,7.5,64,7.19,17.59,A3inRP10
566,reverse,3,s316:0.8_s316:0.05_ptfe:0.1,7.5,64,6.07,17.59,A3inRP14
567,reverse,3,s316:0.8_s316:0.05_ptfe:0.1,7.5,64,7.05,17.59,A3inRP
568,reverse,3,s316:0.4_s316:0.05_ptfe:0.1,1,180,1.037,14.3,A3inRP7
569,reverse,3,monel :1_ s316:0.05_ptfe:0.1,13,22,12.58,15,A3inRP5.M.
570,reverse,3,monel :1_ s316:0.05_ptfe:0.1,13,22,16.08,15,A3inRP6
571,reverse,3,monel :1_ s316:0.05_ptfe:0.1,13,22,13,15,A3inRP8
572,reverse,3,monel :1_ s316:0.05_ptfe:0.1,13,22,10.16,15,A3inRP9
573,reverse,3,monel :1_ s316:0.05_ptfe:0.1,13,22,12.96,15,A3inRP9
574,reverse,3,monel :1_ s316:0.05_ptfe:0.1,13,22,14.1,15,A3inRP9-M.
575,reverse,3,monel :1_ s316:0.05_ptfe:0.1,13,22,12.12,15,A3inRP9-sec.M.
576,reverse,3,monel :1_ s316:0.05_ptfe:0.1,13,22,11.95,15,A3inRP9-third.M.
577,reverse,3,monel :1_ s316:0.05_ptfe:0.1,13,22,16.6,15,A3inRP12
578,reverse,3,monel :1_ s316:0.05_ptfe:0.1,13,22,12.5,15,A3inRP13
579,reverse,3,monel :1_ s316:0.05_ptfe:0.1,13,22,12.98,15,A3inRP9-F.M.
580,reverse,3,monel :1_ s316:0.05_ptfe:0.1,13,22,13.83,15,A3inRP13
581,reverse,3,s316:0.6_s316:0.05_ptfe:0.1,3,40,3.15,15.83,A3inRP4
582,reverse,3,s316:0.6_s316:0.05_ptfe:0.1,3,40,3.15,15.83,A3inRP4
583,reverse,3,s316:0.6_s316:0.05_ptfe:0.1,3,40,3.19,15.83,A3inRP4
584,reverse,3,s316:1_inconel:0.1_ptfe:0.1,6,40,6.61,34.98,__
585,reverse,3,s316:1_inconel:0.1_ptfe:0.1,6,40,6.05,14.66,3inch10
586,reverse,3,s316:1_inconel:0.1_ptfe:0.1,6,40,7.15,14.77,3inch10
587,reverse,3,s316:1_inconel:0.1_ptfe:0.1,6,40,6.42,14.66,3inch9
588,reverse,3,s316:1_inconel:0.1_ptfe:0.1,6,40,7.05,14.77,3inch10
589,reverse,3,s316:1_inconel:0.1_ptfe:0.1,6,40,6.92,14.66,3inch7
590,reverse,3,s316:1_inconel:0.1_ptfe:0.1,6,40,8,14.77,3inch5
591,reverse,3,s316:1_inconel:0.05_ptfe:0.1,6,40,6.95,14.66,3inch4
592,reverse,3,s316:1_inconel:0.1_ptfe:0.1,6,40,7.4,14.77,3inch2
593,reverse,3,s316:1_inconel:0.1_ptfe:0.1,6,40,7.4,14.66,3inch6
594,reverse,3,s316:1_s316:0.1_ptfe:0.1,6,40,6.13,14.66,3inch6
595,reverse,3,s316:0.5_s316:0.5_ptfe:0.1,7.5,149.1,7.6,21.3,
596,reverse,3,s316:0.5_s316:0.5_ptfe:0.1,7,100,2.14,17.63,
597,reverse,3,hastelloy:0.8_s316:0.05_ptfe:0.1,40,280,37.1,29.33,
598,reverse,3,hastelloy:0.8_s316:0.05_ptfe:0.1,40,280,44,15.62,
599,reverse,3,hastelloy:0.8_s316:0.05_ptfe:0.1,40,280,47,15.62,
600,reverse,3,hastelloy:0.8_s316:0.05_ptfe:0.1,40,280,32,15.62,
601,reverse,3,hastelloy:0.8_s316:0.05_ptfe:0.1,40,280,35,15.62,
602,reverse,3,hastelloy:0.8_s316:0.05_ptfe:0.1,40,280,44.5,15.62,
603,reverse,3,hastelloy:0.8_s316:0.05_ptfe:0.1,40,280,41,15.62,
604,reverse,3,hastelloy:0.8_s316:0.05_ptfe:0.1,40,280,42.7,15.62,
605,reverse,3,hastelloy:0.8_s316:0.05_ptfe:0.1,40,280,44.5,15.62,
606,reverse,3,hastelloy:0.8_s316:0.05_ptfe:0.1,40,280,40,15.62,
607,reverse,3,hastelloy:0.8_s316:0.05_ptfe:0.1,40,280,42.5,15.62,
608,reverse,3,hastelloy:0.8_s316:0.05_ptfe:0.1,40,280,45.5,15.62,
609,reverse,3,hastelloy:0.8_s316:0.05_ptfe:0.1,40,280,43.5,15.62,
610,reverse,3,hastelloy:0.8_s316:0.05_ptfe:0.1,40,280,45.2,15.62,
611,reverse,3,hastelloy:0.8_s316:0.05_ptfe:0.1,40,280,45.5,15.62,
612,reverse,3,hastelloy:0.8_s316:0.05_ptfe:0.1,40,280,42.5,15.62,
613,reverse,3,hastelloy:0.8_s316:0.05_ptfe:0.1,40,280,46,15.62,
614,reverse,3,inconel:1.6_ inconel:0.1_ptfe:0.1,42,200,33,20.6,
615,reverse,3,inconel:1.6_ inconel:0.1_ptfe:0.1,42,200,33.8,22.64,
616,reverse,3,inconel:1.6_ inconel:0.1_ptfe:0.1,42,200,31,17,
617,reverse,3,inconel:1.6_ inconel:0.1_ptfe:0.1,42,220,23,17,
618,reverse,3,inconel:0.5_s316:0.05_ptfe:0.1,12,180,21,21.52,
619,reverse,3,inconel:0.5_s316:0.05_ptfe:0.1,12,180,25.5,13.67,
620,reverse,3,inconel:0.5_s316:0.05_ptfe:0.1,12,180,11.98,13.67,
621,reverse,3,inconel:0.5_s316:0.05_ptfe:0.1,12,180,12.08,13.67,
622,reverse,3,inconel:0.5_s316:0.05_ptfe:0.1,12,180,12.6,13.67,
623,reverse,3,inconel:0.5_s316:0.05_ptfe:0.1,12,180,11.52,13.67,
624,reverse,4,inconel:1_s316:0.05_ptfe:0.1,10,120,10.23,19.75,A4inRP4.m.
625,reverse,4,inconel:1_s316:0.05_ptfe:0.1,10,120,5.78,19.75,A4inRP10
626,reverse,4,inconel:1_s316:0.05_ptfe:0.1,10,120,9.97,19.75,A4inRP1.m.
627,reverse,4,inconel:1_s316:0.05_ptfe:0.1,5.5,180,9.05,19.77,A4inRP1.m.
628,reverse,4,inconel:1_s316:0.05_ptfe:0.1,5.5,180,5.46,19.77,A4inRP10
629,reverse,4,inconel:1_s316:0.05_ptfe:0.1,7.9,200,8.41,21.1,A4inRP11
630,reverse,4,inconel:1_s316:0.05_ptfe:0.1,7.9,200,8.33,21.1,A4inRP11.m.
631,reverse,4,inconel:1_s316:0.05_ptfe:0.1,8,100,9.17,21.04,A4imRP11
632,reverse,4,inconel:1_s316:0.05_ptfe:0.1,8,100,7.92,21.04,A4imRP12
633,reverse,4,s316:1.5_s316:0.1_ptfe:0.1,30.5,60,24.26,20.91,A4inRP7
634,reverse,4,s316:2.5_s316:0.1_ptfe:0.1,30.5,60,29.45,20.91,A4inRP18
635,reverse,4,s316:1.5_s316:0.1_ptfe:0.1,30.5,60,32.85,20.91,A4inRP8
636,reverse,4,s316:1.5_s316:0.1_ptfe:0.1,30.5,60,33.92,20.91,A4inRP9
637,reverse,4,s316:1.5_s316:0.1_ptfe:0.1,30.5,60,33.97,20.91,A4inRP9Modified
638,reverse,4,s316:1.5_s316:0.1_ptfe:0.1,30.5,60,30.87,20.91,A4inRP9
639,reverse,4,s316:1.5_s316:0.1_ptfe:0.1,30.5,60,31.08,20.91,A4inRP9
640,reverse,4,s316:1.5_s316:0.1_ptfe:0.1,30.5,60,33.1,20.91,A4inRP9
641,reverse,4,s316:1.5_s316:0.1_ptfe:0.1,30.5,60,32.83,20.91,A4inRP9
642,reverse,4,s316:1.5_s316:0.1_ptfe:0.1,30.5,60,30.08,20.91,A4inRP9Modified
643,reverse,4,s316:1.5_s316:0.1_ptfe:0.1,30.5,60,30.15,20.91,A4inRP9Modified
644,reverse,4,s316:2.5_s316:0.1_ptfe:0.1,30.5,60,30.04,20.91,A6inRP18M
645,reverse,4,s316:2.5_s316:0.1_ptfe:0.1,30.5,60,25.5,20.91,A6inRP18.sec.M
646,reverse,4,s316:2.5_s316:0.1_ptfe:0.1,30.5,60,29.3,20.91,A6inRP18.Third.M
647,reverse,4,s316:2.5_s316:0.1_ptfe:0.1,30.5,60,30.3,20.91,A6inRP18M
648,reverse,4,s316:2.5_s316:0.1_ptfe:0.1,30.5,60,29,20.91,A6inRP18.Third.M
649,reverse,4,s316:2.5_s316:0.1_ptfe:0.1,30.5,60,29,20.91,A6inRP18
650,reverse,4,s316:2_s316:0.1_ptfe:0.1,30.5,60,26.76,20.91,A6inRP19
651,reverse,4,s316:2_s316:0.1_ptfe:0.1,30.5,60,29.16,20.91,A6inRP20
652,reverse,4,s316:1_s316:0.05_ptfe:0.1,11,45,8.32,21,A4inRP1
653,reverse,4,s316:1_s316:0.05_ptfe:0.1,11,45,11.75,21,A4inRP3
654,reverse,4,s316:1_s316:0.05_ptfe:0.1,11,45,11.75,21,A4inRP1
655,reverse,4,s316:1_s316:0.05_ptfe:0.1,11,45,15.4,21,A4inRP1
656,reverse,4,hastelloy:1_ hastelloy:0.05_ptfe:0.1,11,45,11.23,21,A4inRP4
657,reverse,4,hastelloy:1_ hastelloy:0.05_ptfe:0.1,11,45,12,21,A4inRP4.m.
658,reverse,4,s316:1_s316:0.05_ptfe:0.1,7,63.6,5,19.68,4inPR1
659,reverse,4,s316:1_s316:0.05_ptfe:0.1,7,63.6,5.7,19.64,4inPR1
660,reverse,4,s316:1_s316:0.05_ptfe:0.1,7,63.6,6.02,19.7,4inPR2
661,reverse,4,s316:1_s316:0.05_ptfe:0.1,7,63.6,6,19.7,4inPR2
662,reverse,4,s316:1_s316:0.05_ptfe:0.1,7,63.6,7.6,19.7,4inPR3
663,reverse,4,s316:1_s316:0.05_ptfe:0.1,7,63.6,7.4,19.7,__
664,reverse,4,s316:1_s316:0.05_ptfe:0.1,7,63.6,6.64,19.7,__
665,reverse,4,s316:1_s316:0.05_ptfe:0.1,7,63.6,7.45,19.7,4inPR3
666,reverse,4,s316:1_s316:0.05_ptfe:0.1,7,63.6,7.45,19.7,4inPR3
667,reverse,4,s316:0.3_s316:0.3_ptfe:0.1,0.17,22,0.302,17.87,2inch21
668,reverse,4,s316:1_s316:0.1_ptfe:0.1,9,80,8.1,32.92,
669,reverse,4,s316:1_s316:0.1_ptfe:0.1,9,80,7.15,21.57,
670,reverse,4,s316:1_s316:0.1_ptfe:0.1,9,80,8.93,21.57,
671,reverse,4,s316:1_s316:0.1_ptfe:0.1,9,80,8.9,21.57,
672,reverse,4,s316:1_s316:0.1_ptfe:0.1,9,80,7.74,21.57,
673,reverse,4,s316:1_s316:0.1_ptfe:0.1,9,80,8.5,21.57,
674,reverse,4,s316:1_s316:0.1_ptfe:0.1,11,45,10.55,38.62,
675,reverse,4,s316:1_s316:0.1_ptfe:0.1,11,45,9.7,19.82,
676,reverse,4,s316:1_s316:0.1_ptfe:0.1,11,45,11,19.82,
677,reverse,4,s316:1_s316:0.1_ptfe:0.1,11,45,8.9,19.82,
678,reverse,4,s316:1_s316:0.1_ptfe:0.1,11,45,10.28,19.82,
679,reverse,4,s316:1_s316:0.1_ptfe:0.1,11,45,9.54,19.82,
680,reverse,4,s316:1_s316:0.1_ptfe:0.1,11,45,9.28,19.82,
681,reverse,4,s316:1_s316:0.1_ptfe:0.1,12.8,120,12.6,5.88,
682,reverse,4,s316:1_s316:0.1_ptfe:0.1,12.8,120,9.9,24.68,
683,reverse,4,s316:1_s316:0.1_ptfe:0.1,12.8,120,12.9,24.68,
684,reverse,4,s316:1_s316:0.1_ptfe:0.1,12.8,120,12.6,24.68,
685,reverse,4,s316:1_s316:0.1_ptfe:0.1,12.8,120,16,24.68,
686,reverse,4,s316:1_s316:0.1_ptfe:0.1,12.8,120,15.55,24.68,
687,reverse,4,s316:1_s316:0.1_ptfe:0.1,12.8,120,11.43,24.68,
688,reverse,4,s316:0.5_s316:0.5_ptfe:0.1,7,280,7.65,39.3,
689,reverse,4,s316:0.5_s316:0.5_ptfe:0.1,7,280,6.78,19.71,
690,reverse,4,s316:0.5_s316:0.5_ptfe:0.1,7,280,7.16,19.71,
691,reverse,4,s316:0.5_s316:0.5_ptfe:0.1,7,280,7.8,19.71,
692,reverse,4,s316:0.5_s316:0.5_ptfe:0.1,7,280,6.2,19.71,
693,reverse,4,s316:0.5_s316:0.5_ptfe:0.1,7,280,8.2,19.71,
694,reverse,4,hastelloy:1_s316:0.1_ptfe:0.1,50,320,42,15.62,
695,reverse,4,hastelloy:1_s316:0.1_ptfe:0.1,50,320,48.5,23.36,
696,reverse,4,hastelloy:1_s316:0.1_ptfe:0.1,50,320,45,23.36,
697,reverse,4,hastelloy:1_s316:0.1_ptfe:0.1,50,320,31,23.36,
698,reverse,4,inconel:0.5_s316:0.1_ptfe:0.1,10.5,180,11.4,51.13,
699,reverse,4,inconel:0.5_s316:0.1_ptfe:0.1,10.5,180,11.2,16.28,
700,reverse,4,inconel:0.5_s316:0.1_ptfe:0.1,10.5,180,11.55,17.3,
701,reverse,4,inconel:0.5_s316:0.1_ptfe:0.1,10.5,180,11.05,18.6,
702,reverse,4,inconel:0.5_s316:0.1_ptfe:0.1,10.5,180,8,19.62,
703,reverse,4,inconel:0.5_s316:0.1_ptfe:0.1,10.5,180,8.5,22.14,
704,reverse,4,inconel:0.5_s316:0.1_ptfe:0.1,10.5,180,8.6,22.13,
705,reverse,4,inconel:0.5_s316:0.1_ptfe:0.1,10.5,180,10.5,20.6,
706,reverse,4,inconel:0.5_s316:0.1_ptfe:0.1,10.5,180,9,15.58,
707,reverse,4,inconel:0.5_s316:0.1_ptfe:0.1,10.5,180,9,20.6,
708,reverse,4,inconel:0.1_ inconel:1.2_ptfe:0.1,22,210,24.2,13.67,
709,reverse,4,inconel:0.1_ inconel:1.2_ptfe:0.1,22,210,22.5,16.54,
710,reverse,4,inconel:0.1_ inconel:1.2_ptfe:0.1,22,210,18.2,16.54,
711,reverse,4,inconel:0.1_ inconel:1.2_ptfe:0.1,22,210,24.5,16.54,
712,reverse,4,inconel:0.1_ inconel:1.2_ptfe:0.1,22,210,18.37,16.54,
713,reverse,4,inconel:0.1_ inconel:1.2_ptfe:0.1,22,210,18.76,16.54,
714,reverse,4,inconel:0.1_ inconel:1.2_ptfe:0.1,22,210,18.45,16.54,
715,reverse,4,inconel:0.1_ inconel:1.2_ptfe:0.1,22,210,21.85,16.54,
716,reverse,4,inconel:0.1_ inconel:1.2_ptfe:0.1,22,210,21.4,16.54,
717,reverse,4,inconel:0.1_ inconel:1.2_ptfe:0.1,22,210,16.5,16.54,
718,reverse,4,inconel:0.1_ inconel:1.2_ptfe:0.1,22,210,16,16.54,
719,reverse,6,inconel:1.5_s316:0.1_ptfe:0.1,19,100,18.64,31.41,A6inRP19
720,reverse,6,inconel:1.5_s316:0.1_ptfe:0.1,19,100,19.2,31.41,A6inRP19modified
721,reverse,6,s316:0.8_s316:.05_ptfe:0.1,3,144,2.66,31.9,A6inRP22
722,reverse,6,s316:0.8_s316:.05_ptfe:0.1,3,144,2.86,31.9,A6inRP23
723,reverse,6,s316:0.8_s316:.05_ptfe:0.1,3,144,3.02,31.9,A6inRP23
724,reverse,6,monel :04_ s316:0.05_ptfe:0.1,0.3,70,0.525,26.81,A6inRP21
725,reverse,6,monel :04_ s316:0.05_ptfe:0.1,0.3,70,0.445,26.81,A6inRP21.m.
726,reverse,6,monel :04_ s316:0.05_ptfe:0.1,0.3,70,0.392,26.81,A6inRP21.sec.m.
727,reverse,6,monel :04_ s316:0.05_ptfe:0.1,0.3,70,0.404,26.81,A6inRP21.T.m.
728,reverse,6,s316:1.5_s316:0.1_ptfe:0.1,9.4,40,9.53,28.6,A6inRP16
729,reverse,6,s316:1.5_s316:0.1_ptfe:0.1,9.4,40,9.37,28.7,__
730,reverse,6,s316:1.5_s316:0.1_ptfe:0.1,9.4,40,9.3,28.8,A6inRP16.M.
731,reverse,6,s316:0.4_monel:0.05_ptfe:0.1,0.5,22,0.431,50,A6inRP6
732,reverse,6,s316:1.5_s316:0.1_ptfe:0.1,6.9,56,6.53,28.37,A6inRP7
733,reverse,6,s316:1.5_s316:0.1_ptfe:0.1,6.9,56,6.25,28.51,A6inRP8
734,reverse,6,s316:1.5_s316:0.1_ptfe:0.1,6.9,56,8.15,28.51,A6inRP9
735,reverse,6,s316:1.5_s316:0.1_ptfe:0.1,6.9,56,8.75,28.51,A6inRP10
736,reverse,6,s316:1.5_s316:0.1_ptfe:0.1,6.9,56,8.54,28.51,A6inRP11
737,reverse,6,s316:1.5_s316:0.1_ptfe:0.1,6.9,56,7.8,28.51,A6inRP14
738,reverse,6,s316:0.8_s316:0.05_ptfe:0.1,2.5,22,2.1,29.71,6inRP11
739,reverse,6,s316:0.4_monel:0.05_ptfe:0.1,0.5,22,0.394,29.81,A6inRP4
740,reverse,6,s316:0.4_monel:0.05_ptfe:0.1,0.5,22,0.39,29.81,A6inRP4
741,reverse,6,s316:0.4_monel:0.05_ptfe:0.1,0.5,22,0.434,29.81,A6inRP5
742,reverse,6,s316:0.4_monel:0.05_ptfe:0.1,0.5,22,0.434,29.81,__
743,reverse,6,s316:0.4_monel:0.05_ptfe:0.1,0.5,22,0.42,29.81,A6inRP6
744,reverse,6,s316:1_s316:0.1_ptfe:0.1,5.19,66,6.61,28.84,3inch6
745,reverse,6,s316:1_s316:0.1_ptfe:0.1,5.19,66,5.23,28.84,6inch2
746,reverse,6,s316:1_s316:0.1_ptfe:0.1,5.19,66,5.34,28.84,__
747,reverse,6,s316:1_s316:0.1_ptfe:0.1,5.19,66,5.93,28.84,6inch5
748,reverse,6,s316:1_s316:0.1_ptfe:0.1,5.19,66,5.49,28.84,6inch5
749,reverse,6,s316:1_s316:0.1_ptfe:0.1,5.19,66,4.25,28.84,6inch4
750,reverse,6,s316:0.1_s316:0.1_s316:0.05_tef:0.4,6.19,71.4,6.23,28.84,6inch1
751,reverse,6,s316:0.1_s316:0.1_s316:0.05_tef:0.4,6.19,71.4,6.1,32.92,
752,reverse,6,s316:0.1_s316:0.1_s316:0.05_tef:0.4,6.19,71.4,5.49,32.92,
753,reverse,6,s316:0.1_s316:0.1_s316:0.05_tef:0.4,6.19,71.4,5.95,32.92,
754,reverse,6,s316:0.1_s316:0.1_s316:0.05_tef:0.4,6.19,71.4,5,32.92,
755,reverse,6,s316:0.1_s316:0.1_s316:0.05_tef:0.4,6.19,71.4,6.8,32.92,
756,reverse,6,s316:0.4_s316:0.1_tef:0.5,3.15,230,4.5,24.68,
757,reverse,6,s316:0.4_s316:0.1_tef:0.5,3.15,230,3.42,21.3,
758,reverse,6,s316:0.4_s316:0.1_tef:0.5,3.15,230,3.45,21.3,
759,reverse,6,s316:0.4_s316:0.1_tef:0.5,3.15,230,3.53,21.3,
760,reverse,6,s316:0.4_s316:0.1_tef:0.5,3.15,230,3.54,21.3,
761,reverse,6,s316:0.4_s316:0.1_tef:0.5,3.15,230,3.71,21.3,
762,reverse,6,s316:0.4_s316:0.1_tef:0.5,3.15,230,3.43,21.3,
763,reverse,6,s316:0.4_s316:0.1_tef:0.5,3.15,230,3.7,21.3,
764,reverse,6,inconel:0.5_s316:0.1_tef:0.5,5.5,38,6.75,19.71,
765,reverse,6,inconel:0.5_s316:0.1_tef:0.5,5.5,38,5.6,27.23,
766,reverse,6,inconel:0.5_s316:0.1_tef:0.5,5.5,38,5.24,27.23,
767,reverse,6,inconel:0.5_s316:0.1_tef:0.5,5.5,38,5.13,27.23,
768,reverse,6,inconel:0.5_s316:0.1_tef:0.5,5.5,38,5.8,27.23,
769,reverse,6,inconel:0.5_s316:0.1_tef:0.5,5.5,38,5.03,27.23,
770,reverse,6,inconel:0.5_s316:0.1_tef:0.5,5.5,38,5.03,27.23,
771,reverse,6,inconel:0.5_s316:0.1_tef:0.5,5.5,38,5.14,27.23,
772,reverse,6,inconel:0.5_s316:0.1_tef:0.5,5.5,38,4.95,27.23,
773,reverse,6,inconel:0.5_s316:0.1_tef:0.5,5.5,38,5.19,27.23,
774,reverse,6,inconel:0.5_s316:0.1_tef:0.5,5.5,38,5.03,27.23,
775,reverse,6,inconel:0.5_s316:0.1_tef:0.5,5.5,38,5.43,27.23,
776,reverse,6,inconel:0.5_s316:0.1_tef:0.5,5.5,38,5.65,27.23,
777,reverse,6,s316:0.5_s316:0.1_tef:0.5,6.9,56,7.05,27.23,
778,reverse,6,s316:0.5_s316:0.1_tef:0.5,6.9,56,6.68,29.33,
779,reverse,6,s316:0.5_s316:0.1_tef:0.5,6.9,56,6.32,29.33,
780,reverse,6,s316:0.5_s316:0.1_tef:0.5,6.9,56,6.1,29.33,
781,reverse,6,s316:0.5_s316:0.1_tef:0.5,6.9,56,6.78,29.33,
782,reverse,6,s316:0.5_s316:0.1_tef:0.5,6.9,56,6.33,29.33,
783,reverse,6,s316:0.5_s316:0.1_tef:0.5,6.9,56,6.14,29.33,
784,reverse,6,s316:0.5_s316:0.1_tef:0.5,6.9,56,6.29,29.33,
785,reverse,8,inconel:0.8_s316:0.05_tef:0.5,1,40,0.956,35.88,A8inRP10
786,reverse,8,inconel:0.8_s316:0.05_tef:0.5,1,40,1.122,35.88,A8inRP10.m.
787,reverse,8,inconel:0.8_s316:0.05_tef:0.5,1,40,1.18,35.88,A8inRP10.s.m.
788,reverse,8,inconel:0.8_s316:0.05_tef:0.5,1,40,1.214,35.88,A8inRP10.T.m.
789,reverse,8,inconel:0.8_s316:0.05_tef:0.5,1,40,1.056,35.88,A8inRP10.fourth.m.
790,reverse,8,inconel:0.8_s316:0.05_tef:0.5,1,40,1.164,35.88,A8inRP11
791,reverse,8,s316:1.5_s316:0.1_tef:0.5,8,175,9.42,34.98,4inch1
792,reverse,8,s316:1.5_s316:0.1_tef:0.5,8,175,8.3,34.98,__
793,reverse,8,s316:1.5_s316:0.1_s316:0.5_tef:0.5,7,40,7.96,21.57,
794,reverse,8,s316:1.5_s316:0.1_s316:0.5_tef:0.5,7,40,6.09,39.1,
795,reverse,8,s316:1.5_s316:0.1_s316:0.5_tef:0.5,7,40,6.22,39.1,
796,reverse,8,s316:1.5_s316:0.1_s316:0.5_tef:0.5,7,40,6.15,39.1,
797,reverse,8,s316:1.5_s316:0.1_s316:0.5_tef:0.5,7,40,7.92,39.1,
798,reverse,8,s316:1.5_s316:0.1_s316:0.5_tef:0.5,7,40,7.6,39.1,
799,reverse,8,s316:1.5_s316:0.1_s316:0.5_tef:0.5,7,40,7.15,39.1,
800,reverse,8,s316:1.5_s316:0.1_s316:0.5_tef:0.5,7,40,8.28,39.1,
801,reverse,8,s316:1.5_s316:0.1_s316:0.5_tef:0.5,7,40,9,39.1,
802,reverse,8,s316:1.5_s316:0.1_s316:0.5_tef:0.5,7,40,6.24,39.1,
803,reverse,8,s316:1.5_s316:0.1_s316:0.5_tef:0.5,7,40,8.58,39.1,
804,reverse,8,s316:1.5_s316:0.1_s316:0.5_tef:0.5,7,40,7.31,39.1,
805,reverse,8,s316:1.5_s316:0.1_s316:0.5_tef:0.5,7,40,6.9,39.1,
806,reverse,8,s316:1.5_s316:0.5_ptfe:0.3,13.5,90,10,16.9,
807,reverse,8,s316:1.5_s316:0.5_ptfe:0.3,13.5,90,12,39.3,
808,reverse,8,s316:1.5_s316:0.5_ptfe:0.3,13.5,90,13.7,39.3,
809,reverse,8,s316:1.5_s316:0.5_ptfe:0.3,13.5,90,13.3,39.3,
810,reverse,8,s316:1.5_s316:0.5_ptfe:0.3,13.5,90,14,39.3,
811,reverse,8,s316:1.5_s316:0.5_ptfe:0.3,13.5,90,11.25,39.3,
812,reverse,8,s316:1.5_s316:0.5_ptfe:0.3,13.5,90,9.9,39.3,
813,reverse,8,s316:1.5_s316:0.5_ptfe:0.3,13.5,90,9.1,39.3,
814,reverse,8,s316:1.5_s316:0.5_ptfe:0.3,13.5,90,13.56,39.3,
815,reverse,8,s316:1.5_s316:0.5_ptfe:0.3,13.5,90,11.4,39.3,
816,reverse,10,s316:1.5_s316:0.1_ptfe:0.3,22.8,33,8,50,A10inRP7
817,reverse,10,s316:2.5_s316:0.1_ptfe:0.3,22.8,33,13.8,50,A10inRP8
818,reverse,10,s316:2.5_s316:0.1_ptfe:0.3,22.8,33,18.13,50,A10inRP9
819,reverse,10,s316:2.5_s316:0.1_ptfe:0.3,22.8,33,26.5,50,A10inRP10
820,reverse,10,s316:3_s316:0.1_ptfe:0.3,22.8,33,20.54,50,__
821,reverse,10,s316:2.5_s316:0.1_ptfe:0.3,22.8,33,16,50,A10inRP11
822,reverse,10,s316:2.5_s316:0.1_ptfe:0.3,22.8,33,13,50,A10inRP12
823,reverse,10,s316:2.5_s316:0.1_ptfe:0.3,22.8,33,20.2,50,A10inRP12
824,reverse,10,s316:2.5_s316:0.1_ptfe:0.3,22.8,33,22.7,50,A10inRP13
825,reverse,10,s316:2.5_s316:0.1_ptfe:0.3,22.8,33,23.54,50,__
826,reverse,10,s316:2.5_s316:0.1_ptfe:0.3,22.8,33,22.9,50,__
827,reverse,10,s316:2.5_s316:0.1_ptfe:0.3,22.8,33,23.26,50,__
828,reverse,10,s316:1.5_inconel:0.1_inconel:1_ptfe:0.3,1.76,40,2.34,49.81,A10inRP1
829,reverse,10,s316:1.5_inconel:0.1_inconel:1_ptfe:0.3,1.76,40,1.194,49.81,A10inRP
830,reverse,10,s316:1.5_inconel:0.1_inconel:1_ptfe:0.3,1.76,40,1.92,49.81,__
831,reverse,10,s316:1.5_inconel:0.1_inconel:1_ptfe:0.3,1.76,40,2,49.81,A10inRP6
832,reverse,10,s316:1.5_inconel:0.1_inconel:1_ptfe:0.3,1.76,40,1.9,49.81,A10inRP5.S.M
833,reverse,10,s316:1_s316:0.1_s316:0.5_tef:0.5,7,40,6.92,39.1,
834,reverse,10,s316:1_s316:0.1_s316:0.5_tef:0.5,7,40,6.79,38.62,
835,reverse,10,s316:1_s316:0.1_s316:0.5_tef:0.5,7,40,8.5,38.62,
836,reverse,10,s316:1_s316:0.1_s316:0.5_tef:0.5,7,40,8.92,38.62,
837,reverse,10,s316:1_s316:0.1_s316:0.5_tef:0.5,7,40,9.68,38.62,
838,reverse,10,s316:1_s316:0.1_s316:0.5_tef:0.5,7,40,8.03,38.62,
839,reverse,10,s316:1_s316:0.1_s316:0.5_tef:0.5,7,40,7.2,38.62,
840,reverse,10,s316:1_s316:0.1_s316:0.5_tef:0.5,7,40,7.15,38.62,
841,reverse,10,s316:1_s316:0.1_s316:0.5_tef:0.5,7,40,7.92,38.62,
842,reverse,10,s316:1_s316:0.1_s316:0.5_tef:0.5,7,40,7.29,38.62,
843,reverse,10,s316:1_s316:0.1_s316:0.5_tef:0.5,7,40,7.73,38.62,
844,reverse,10,inconel:0.5_s316:0.1_fep:0.5,4.2,10,3.9,23.36,
845,reverse,10,inconel:0.5_s316:0.1_fep:0.4,4.2,10,2.8,54.7,
846,reverse,10,inconel:0.5_s316:0.1_fep:0.5,4.2,10,4.25,48.85,
847,reverse,10,inconel:0.5_s316:0.1_fep:0.5,4.2,10,4.35,42.9,
848,reverse,10,inconel:0.5_s316:0.1_fep:0.5,4.2,10,4.15,45.08,
849,reverse,10,inconel:0.5_s316:0.1_fep:0.5,4.2,10,4.3,45.08,
850,reverse,10,inconel:0.5_s316:0.1_fep:0.5,4.2,10,3.85,45.08,
851,reverse,10,inconel:0.5_s316:0.1_fep:0.5,4.2,10,3.98,45.08,
852,reverse,10,inconel:0.5_s316:0.1_fep:0.5,4.2,10,3.95,45.08,
853,reverse,10,inconel:0.5_s316:0.1_fep:0.5,4.2,10,3.93,45.08,
854,reverse,10,inconel:0.5_s316:0.1_fep:0.5,4.2,10,3.85,45.08,
855,reverse,10,inconel:0.5_s316:0.1_fep:0.5,4.2,10,3.95,45.08,
856,reverse,10,inconel:0.5_s316:0.1_fep:0.81,4.2,10,5.1,45.08,
857,reverse,10,inconel:0.5_s316:0.1_fep:0.65,4.2,10,2.54,45.08,
858,reverse,10,inconel:0.5_s316:0.1_fep:0.65,4.2,10,3.05,45.08,
859,reverse,10,inconel:0.5_s316:0.1_fep:0.81,4.2,10,4.8,40.6,
860,reverse,10,inconel:0.5_s316:0.1_fep:0.8,4.2,10,4.5,38.72,
861,reverse,10,inconel:0.5_s316:0.1_fep:0.8,4.2,10,4.23,51.02,
862,reverse,10,inconel:0.5_s316:0.1_fep:0.8,4.2,10,4.3,51.02,
863,reverse,10,inconel:0.5_s316:0.1_fep:0.5,4.2,10,4.22,51.02,
864,reverse,10,inconel:0.5_s316:0.1_fep:0.5,4.2,10,3.05,42.03,
865,reverse,10,inconel:0.5_s316:0.1_fep:0.5,4.2,10,3.89,51.13,
866,reverse,10,inconel:0.5_s316:0.1_fep:0.5,4.2,10,3.9,51.13,
867,reverse,10,inconel:1.2_s316:0.1_fep:0.5,12,53.6,18.5,16.69,
868,reverse,10,inconel:0.8_s316:0.1_fep:0.4,12,53.6,11.5,51.78,
869,reverse,10,inconel:0.8_s316:0.1_fep:0.5,12,53.6,16.4,51.78,
870,reverse,10,inconel:0.8_s316:0.1_fep:0.5,12,53.6,16.7,51.78,
871,reverse,10,inconel:0.8_s316:0.1_fep:0.5,12,53.6,14.7,51.78,
872,reverse,10,inconel:0.8_s316:0.1_fep:0.5,12,53.6,17.45,51.78,
873,reverse,10,inconel:0.8_s316:0.1_fep:0.5,12,53.6,17.02,51.78,
874,reverse,10,inconel:0.8_s316:0.1_fep:0.5,12,53.6,16.07,51.78,
875,reverse,10,inconel:0.8_s316:0.1_fep:0.5,12,53.6,13.28,51.78,
876,reverse,10,inconel:0.8_s316:0.1_fep:0.5,12,53.6,15.7,51.78,
877,reverse,10,inconel:0.8_s316:0.1_fep:0.5,12,53.6,11.5,51.78,
878,reverse,10,inconel:1.2_s316:0.1_fep:0.4,12,53.6,11.7,51.78,
879,reverse,10,inconel:1_s316:0.1_fep:0.4,12,41.8,15.5,51.78,
880,reverse,10,inconel:1_s316:0.1_fep:0.4,12,41.8,11.97,37.09,
881,reverse,10,inconel:1_s316:0.1_fep:0.4,12,41.8,13.5,37.09,
882,reverse,10,inconel:1_s316:0.1_fep:0.4,12,41.8,8.8,37.09,
883,reverse,10,inconel:1_s316:0.1_fep:0.4,12,41.8,12.43,37.09,
884,reverse,10,inconel:1_s316:0.1_fep:0.4,12,41.8,13.24,37.09,
885,reverse,16,inconel:1.2_ inconel:0.5_fep:0.5,1,52,21.4,37.09,
886,reverse,16,inconel:1.2_ inconel:0.5_fep:0.5,1,52,21.5,21.52,
