id,type,size,,bp,bt,rbp,fh,drw,,,,
1,flat,16,cs:3_cs:0.5_pvc:0.8,6,40,6.02,flat_16_cs:3_cs:0.5_pvc:0.8,,,cs:3_cs:0.5_pvc:0.8,flat_16_6,flat_16_6
2,flat,24,cs:3_cs:0.5_pvc:0.8,6,40,6.02,,,,s316L:2_s316L:0.5_tef:0.5,flat_24_6,flat_24_6
3,flat,24,cs:3_cs:0.5_pvc:0.8,6,40,6.02,,,,s316L:0.2_s316L:0.2_tef:0.1,flat_24_6,flat_3_2
4,flat,24,s316L:2_s316L:0.5_tef:0.5,6,40,6.1,,,,s316L:0.2_s316L:0.3_tef:0.1,flat_24_6,flat_30_0.3
5,flat,24,s316L:2_s316L:0.5_tef:0.5,6,40,5.98,,,,s316L:0.2_s316L:0.4_tef:0.1,flat_24_6,flat_6_5.5
6,flat,24,s316L:2_s316L:0.5_tef:0.5,6,40,6,,,,s316L:0.6_s316L:0.3_ptfe:0.6,flat_24_6,flat_4_0.9
7,flat,3,s316L:0.2_s316L:0.2_tef:0.1,2,22,1.73,,,,s316L:0.6_s316L:0.5_tef:0.6,flat_3_2,flat_12_0.175
8,flat,3,s316L:0.2_s316L:0.3_tef:0.1,2,22,1.83,,,,s316L:0.6_s316L:0.25_tef:0.6,flat_3_2,flat_16_0.49
9,flat,3,s316L:0.2_s316L:0.4_tef:0.1,2,22,1.95,,,,s316L:0.6_s316L:0.3_tef:0.6,flat_3_2,flat_16_1.08
10,flat,30,s316L:0.6_s316L:0.3_ptfe:0.6,0.3,120,0.321,,,,s316L:0.6_s316L:0.2_tef:0.6,flat_30_0.3,flat_8_6
11,flat,30,s316L:0.6_s316L:0.3_ptfe:0.6,0.3,120,0.265,,,,s316L:0.1_s316L:0.2_s316L:0.1_ptfe:0.3,flat_30_0.3,flat_6_2.5
12,flat,6,s316L:0.6_s316L:0.5_tef:0.6,5.5,20,4,,,,s316L:0.1_s316L:0.25_s316L:0.1_ptfe:0.3,flat_6_5.5,flat_4_0.48
13,flat,6,s316L:0.6_s316L:0.25_tef:0.6,5.5,20,3.79,,,,s316L:1_s316L:0.1_s316L:0.1_ptfe:0.3,flat_6_5.5,flat_24_5
14,flat,6,s316L:0.6_s316L:0.3_tef:0.6,5.5,20,5.85,,,,s316L:2.5_s316L:0.8_ptfe:0.5,flat_6_5.5,flat_14_1.1
15,flat,6,s316L:0.6_s316L:0.2_tef:0.6,5.5,20,5.81,,,,s316L:0.3_s316L:0.3_fep:0.2,flat_6_5.5,flat_24_3.25
16,flat,6,s316L:0.6_s316L:0.2_tef:0.6,5.5,20,5.6,,,,s316L:0.3_s316L:0.3_fep:0.1,flat_6_5.5,flat_4_2
17,flat,6,s316L:0.6_s316L:0.2_tef:0.6,5.5,20,5.92,,,,s316L:0.4_s316L:0.4_ptfe:0.3,flat_6_5.5,flat_24_4
18,flat,6,s316L:0.6_s316L:0.2_tef:0.6,5.5,20,5.94,,,,s316:0.3_aluminium:0.3_ptfe:1,flat_6_5.5,flat_6_0.4
19,flat,4,s316L:0.1_s316L:0.2_s316L:0.1_ptfe:0.3,0.9,60,0.57,,,,cs:1_cs:0.8_pvc:0.5,flat_4_0.9,flat_16_2
20,flat,4,s316L:0.1_s316L:0.25_s316L:0.1_ptfe:0.3,0.9,60,1.03,,,,cs:1.5_cs:0.8_pvc:0.5,flat_4_0.9,flat_10_2
21,flat,4,s316L:1_s316L:0.1_s316L:0.1_ptfe:0.3,0.9,60,0.76,,,,cs:3_cs:0.8_pvc:0.5,flat_4_0.9,flat_8_2
22,flat,24,s316L:2.5_s316L:0.8_ptfe:0.5,6,40,5.54,,,,s316:0.5_s316:0.5_tef:0.3,flat_24_6,flat_3_7.5
23,flat,24,s316L:2.5_s316L:0.8_ptfe:0.5,6,40,5.3,,,,s316:0.3_s316:0.5_ptfe:0.25,flat_24_6,flat_6_7.5
24,flat,24,s316L:2.5_s316L:0.8_ptfe:0.5,6,40,6.24,,,,s316:0.3_s316:0.5_ptfe:0.3,flat_24_6,flat_1_5
25,flat,24,s316L:2.5_s316L:0.8_ptfe:0.5,6,40,6.26,,,,s316:0.3_s316:0.5_ptfe:0.2,flat_24_6,flat_36_1
26,flat,12,s316L:0.3_s316L:0.3_fep:0.2,0.175,57,0.163,,,,s316:1_s316:0.5_ptfe:0.5,flat_12_0.175,flat_36_0.715
27,flat,12,s316L:0.3_s316L:0.3_fep:0.1,0.175,57,0.216,,,,s316:0.2_s316:0.5_ptfe:0.2,flat_12_0.175,flat_16_3
28,flat,12,s316L:0.3_s316L:0.3_fep:0.1,0.175,57,0.14,,,,s316:0.1_s316:0.5_ptfe:0.1,flat_12_0.175,flat_24_3.3
29,flat,12,s316L:0.3_s316L:0.3_fep:0.1,0.175,57,0.184,,,,s316:0.1_s316:0.1_ptfe:0.2,flat_12_0.175,flat_8_3.21
30,flat,16,s316L:0.4_s316L:0.4_ptfe:0.3,0.49,106,0.56,,,,s316:2_s316:0.5_fep:0.5,flat_16_0.49,flat_8_3.2
31,flat,16,s316L:0.4_s316L:0.4_ptfe:0.3,0.49,106,0.531,,,,s316:0.8_s316:0.4_ptfe:0.3,flat_16_0.49,flat_8_3.3
32,flat,16,s316:0.3_aluminium:0.3_ptfe:1,1.08,22,0.49,,,,s316:1.5_s316:0.2_ptfe:0.5,flat_16_1.08,flat_16_3.5
33,flat,16,s316:0.3_aluminium:0.3_ptfe:1,1.08,22,1.26,,,,s316:1.5_s316:0.5_ptfe:0.5,flat_16_1.08,flat_24_3.5
34,flat,16,s316:0.3_aluminium:0.3_ptfe:1,1.08,22,1.043,,,,s316:2.5_s316:0.6_ptfe:0.5,flat_16_1.08,flat_24_3
35,flat,16,s316:0.3_aluminium:0.3_ptfe:1,1.08,22,0.81,,,,s316L:0.3_s316L:0.3_ptfe:0.25,flat_16_1.08,flat_1_3.5
36,flat,16,s316:0.3_aluminium:0.3_ptfe:1,1.08,22,0.925,,,,s316L:2_s316L:0.6_ptfe:0.5,flat_16_1.08,flat_8_0.2
37,flat,16,s316:0.3_aluminium:0.3_ptfe:1,1.08,22,0.984,,,,s316:0.2_s316:0.2_ptfe:0.1,flat_16_1.08,flat_2_0.5
38,flat,8,cs:1_cs:0.8_pvc:0.5,6,40,4.59,,,,s316:1_s316:1_ptfe:0.5,flat_8_6,forward_3_8.03
39,flat,8,cs:1_cs:0.8_pvc:0.5,6,40,6.58,,,,s316:0.6_s316:0.6_ptfe:0.5,flat_8_6,forward_4_27.7
40,flat,8,cs:1_cs:0.8_pvc:0.5,6,40,6.41,,,,s316:3_s316:1_ptfe:0.5,flat_8_6,forward_4_29.1
41,flat,8,cs:1_cs:0.8_pvc:0.5,6,40,5.73,,,,s316:0.5_s316:0.5_ptfe:0.3,flat_8_6,forward_3_4.6
42,flat,16,cs:1.5_cs:0.8_pvc:0.5,6,40,4,,,,s316:0.6_inconel:0.42_ptfe:0.25,flat_16_6,forward_1_5
43,flat,16,cs:1.5_cs:0.8_pvc:0.5,6,40,6.19,,,,s316:1_inconel:0.8_ptfe:0.3,flat_16_6,forward_4_115
44,flat,16,cs:1.5_cs:0.8_pvc:0.5,6,40,5.93,,,,s316:0.1_s316:0.1_ptfe:0.1,flat_16_6,forward_4_75
45,flat,16,cs:1.5_cs:0.8_pvc:0.5,6,40,5.63,,,,s316:1_s316:1_tef:0.5_tef:0.5_s316:3,flat_16_6,forward_1_2.5
46,flat,24,cs:3_cs:0.8_pvc:0.5,6,40,4.85,,,,s316:1_s316:0.5_tef:0.5_tef:0.5_s316:0.5,flat_24_6,forward_1_7
47,flat,24,cs:3_cs:0.8_pvc:0.5,6,40,6.13,,,,s316:0.5_s316:1.5_tef:0.5,flat_24_6,forward_3_1
48,flat,24,cs:3_cs:0.8_pvc:0.5,6,40,6.3,,,,s316:0.5_s316:0.5_tef:0.5,flat_24_6,forward_1_10
49,flat,24,cs:3_cs:0.8_pvc:0.5,6,40,6.09,,,,s316:0.5_s316:1_tef:0.5,flat_24_6,forward_1.5_10
50,flat,6,s316:0.5_s316:0.5_tef:0.3,2.5,22,2.45,,,,s316:0.1_s316:0.1_s316:0.5_tef:0.1,flat_6_2.5,forward_3_3.3
51,flat,4,s316:0.3_s316:0.5_ptfe:0.25,0.48,188,1.193,,,,s316L:0.1_s316L:0.1_s316:0.5_tef:0.1,flat_4_0.48,forward_4_3.3
52,flat,4,s316:0.3_s316:0.5_ptfe:0.25,0.48,188,0.68,,,,s316:2_s316:0.5_tef:0.5,flat_4_0.48,forward_16_0.5
53,flat,4,s316:0.3_s316:0.5_ptfe:0.25,0.48,188,0.459,,,,s316:2_s316:0.5_tef:1.5,flat_4_0.48,forward_4_17.2
54,flat,4,s316:0.3_s316:0.5_ptfe:0.25,0.48,188,0.62,,,,s316:3_s316:0.5_tef:0.5,flat_4_0.48,forward_6_2.35
55,flat,4,s316:0.3_s316:0.5_ptfe:0.3,0.48,188,0.7,,,,s316:0.1_s316:0.1_plastic:0.05,flat_4_0.48,forward_4_8.4
56,flat,4,s316:0.3_s316:0.5_ptfe:0.2,0.48,188,0.6,,,,s316:0.5_s316:0.5_tef:0.2,flat_4_0.48,forward_2_3.25
57,flat,4,s316:1_s316:0.5_ptfe:0.5,0.48,188,10.76,,,,S316:0.4_nickel:0.25_tef:0.3,flat_4_0.48,forward_12_16.17
58,flat,4,s316:0.3_s316:0.5_ptfe:0.25,0.48,188,1.43,,,,S316:0.05_nickel:0.25_tef:0.4,flat_4_0.48,forward_1.5_2
59,flat,4,s316:0.3_s316:0.5_ptfe:0.25,0.48,188,0.92,,,,S316:0.05_nickel:0.25_tef:0.2,flat_4_0.48,forward_2_3
60,flat,4,s316:0.2_s316:0.5_ptfe:0.2,0.48,188,1.45,,,,S316:0.05_nickel:0.25_tef:0.3,flat_4_0.48,forward_3_3
61,flat,4,s316:0.1_s316:0.5_ptfe:0.1,0.48,188,0.8,,,,inconel:1_s316L:0.05_tef:0.3,flat_4_0.48,forward_0.5_248
62,flat,4,s316:0.1_s316:0.1_ptfe:0.2,0.48,188,0.7,,,,inconel:1_s316L:0.05_tef:0.05,flat_4_0.48,forward_4_10
63,flat,24,s316:2_s316:0.5_fep:0.5,5,40,7.44,,,,inconel:1_s316L:0.05_tef:0.2,flat_24_5,forward_12_3.5
64,flat,14,s316:0.8_s316:0.4_ptfe:0.3,1.1,70,2.27,,,,s316L:0.2_s316L:0.1_tef:0.3,flat_14_1.1,forward_1.5_3.3
65,flat,14,s316:0.8_s316:0.4_ptfe:0.3,1.1,70,0.89,,,,s316L:0.2_s316L:0.1_tef:0.4,flat_14_1.1,forward_1.5_204
66,flat,14,s316:0.8_s316:0.4_ptfe:0.3,1.1,70,1.25,,,,s316L:0.2_s316L:0.1_tef:0.2,flat_14_1.1,forward_3_3.25
67,flat,14,s316:0.8_s316:0.4_ptfe:0.3,1.1,70,1.14,,,,s316L:0.3_s316L:0.1_tef:0.3,flat_14_1.1,forward_14_8.81
68,flat,24,s316:1.5_s316:0.2_ptfe:0.5,3.25,35,3.45,,,,S316L:0.05_S316L:0.1_tef:0.05,flat_24_3.25,forward_6_5.49
69,flat,24,s316:1.5_s316:0.2_ptfe:0.5,3.25,35,3.45,,,,inconel:0.42_s316L:0.1_tef:0.3,flat_24_3.25,forward_3_5.49
70,flat,24,s316:1.5_s316:0.5_ptfe:0.5,3.25,35,3.45,,,,inconel:0.42_s316L:0.1_tef:0.05,flat_24_3.25,forward_10_3
71,flat,24,s316:1.5_s316:0.5_ptfe:0.5,3.25,35,3.15,,,,s316L:0.1_s316L:0.1_tef:0.05,flat_24_3.25,forward_10_2.7
72,flat,24,s316:2.5_s316:0.6_ptfe:0.5,6,40,4.45,,,,s316L:0.1_s316L:0.1_tef:0.1,flat_24_6,forward_8_2.6
73,flat,4,s316L:0.3_s316L:0.3_ptfe:0.25,2,55,6.15,,,,s316L:0.05_s316L:0.05_s316L:0.05_tef:0.1,flat_4_2,forward_3_4.2
74,flat,4,s316L:0.3_s316L:0.3_ptfe:0.25,2,55,1.89,,,,s316L:0.05_s316L:0.2_s316L:0.05_tef:0.1,flat_4_2,forward_10_160
75,flat,24,s316L:2_s316L:0.6_ptfe:0.5,4,50,4.15,,,,s316L:0.1_s316L:0.1_tef:0.2,flat_24_4,forward_16_160
76,flat,24,s316L:2_s316L:0.6_ptfe:0.5,5,50,6.3,,,,s316L:0.1_s316L:0.1_s316L:0.1_tef:0.1,flat_24_5,forward_3_3.5
77,flat,24,s316L:2_s316L:0.6_ptfe:0.5,5,50,5.23,,,,s316L:0.2_s316L:0.1_s316L:0.1_tef:0.1,flat_24_5,forward_4_3.25
78,flat,6,s316:0.2_s316:0.2_ptfe:0.1,0.4,100,0.137,,,,s316L:0.3_s316L:0.1_tef:0.2,flat_6_0.4,forward_4_5
79,flat,6,s316:0.2_s316:0.2_ptfe:0.1,0.4,100,0.3,,,,s316L:0.4_s316L:0.1_fep:0.4,flat_6_0.4,reverse_0.5_20.2
80,flat,6,s316:0.2_s316:0.2_ptfe:0.1,0.4,100,0.575,,,,inconel:1_ inconel:0.42_ptfe:0.5,flat_6_0.4,reverse_1_15
81,flat,6,s316:0.2_s316:0.2_ptfe:0.1,0.4,100,0.5,,,,s316L:0.6_s316L:0.2_s316L:0.1_ptfe:0.5,flat_6_0.4,reverse_1.5_15
82,flat,6,s316:0.2_s316:0.2_ptfe:0.1,0.4,100,0.34,,,,s316L:1_s316L:0.6_ptfe:0.5,flat_6_0.4,reverse_1.5_4
83,flat,6,s316:0.2_s316:0.2_ptfe:0.1,0.4,100,0.38,,,,s316:0.1_inconel:0.45_fep:0.1,flat_6_0.4,reverse_2_5.9
84,flat,6,s316:0.2_s316:0.2_ptfe:0.1,0.4,100,0.52,,,,s316:1.5_inconel:0.42_ptfe:0.5,flat_6_0.4,reverse_2_27.7
85,flat,6,s316:0.2_s316:0.2_ptfe:0.1,0.4,100,0.55,,,,s316:0.1_s316:1_fep:.1,flat_6_0.4,reverse_2_3.38
86,flat,6,s316:0.2_s316:0.2_ptfe:0.1,0.4,100,0.55,,,,s316:0.1_s316:1_fep:0.1,flat_6_0.4,reverse_2_3.18
87,flat,16,s316:1_s316:1_ptfe:0.5,2,160,1.83,,,,s316:0.05_s316:0.05_fep:0.1,flat_16_2,reverse_2_19
88,flat,16,s316:1_s316:1_ptfe:0.5,2,160,1.91,,,,s316:0.1_s316L:0.1_tef:0.1,flat_16_2,reverse_2_13.5
89,flat,10,s316:0.6_s316:0.6_ptfe:0.5,2,160,2.08,,,,s316:0.1_s316:0.1_tef:0.3,flat_10_2,reverse_2_7.5
90,flat,16,s316:1.5_s316:0.5_ptfe:0.5,6,40,5.97,,,,s316L:0.5_s316L:0.1_tef:0.5,flat_16_6,reverse_2_20
91,flat,16,s316:1.5_s316:0.5_ptfe:0.5,6,40,5.16,,,,s316L:0.3_s316L:0.1_tef:0.5,flat_16_6,reverse_2_6
92,flat,16,s316:1.5_s316:0.5_ptfe:0.5,6,40,8.93,,,,s316:0.2_s316:0.05_s316L:0.1_ptfe:0.5,flat_16_6,reverse_2_9.5
93,flat,24,s316:3_s316:1_ptfe:0.5,6,40,6.05,,,,s316:0.2_s316:0.05_s316L:0.1_ptfe:0.4,flat_24_6,reverse_2_12.5
94,flat,24,s316:3_s316:1_ptfe:0.5,6,40,6.04,,,,s316:1_s316:0.4_ptfe:0.5,flat_24_6,reverse_3_12
95,flat,24,s316:3_s316:1_ptfe:0.5,6,40,5.24,,,,s316:1_s316:0.4_ptfe:0.4,flat_24_6,reverse_3_13.5
96,flat,8,s316:0.5_s316:0.5_ptfe:0.3,2,22,2.15,,,,s316:0.5_ aluminum :0.2_ aluminum:0.2_s316:0.5,flat_8_2,reverse_3_7.5
97,flat,8,s316:0.5_s316:0.5_ptfe:0.3,2,22,2.45,,,,s316:0.1_s316L:0.1_ptfe:0.1,flat_8_2,reverse_3_1
98,flat,8,s316:0.5_s316:0.5_ptfe:0.3,2,22,2.19,,,,s316:0.2_s316:0.1_ptfe:0.2,flat_8_2,reverse_3_13
99,flat,3,s316:0.6_inconel:0.42_ptfe:0.25,7.5,48,7.21,,,,s316:0.1_s316:0.2_ptfe:0.1,flat_3_7.5,reverse_3_3
100,flat,3,s316:0.6_inconel:0.42_ptfe:0.25,7.5,48,6.5,,,,s316:0.4_inconel:0.42_ptfe:0.3,flat_3_7.5,reverse_3_6
101,flat,3,s316:0.6_inconel:0.42_ptfe:0.25,7.5,48,12,,,,s316:0.5_s316:0.5_fep:0.15,flat_3_7.5,reverse_3_7
102,flat,6,s316:1_inconel:0.8_ptfe:0.3,7.5,70,6.52,,,,s316:1.5_s316:1_ptfe:0.5,flat_6_7.5,reverse_3_40
103,flat,6,s316:1_inconel:0.8_ptfe:0.3,7.5,70,5.61,,,,s316:0.5_s316:0.3_tef:0.5,flat_6_7.5,reverse_3_42
104,flat,1,s316:0.1_s316:0.1_ptfe:0.1,5,22,8.1,,,,s316:1.5_s316:0.1_tef:0.5,flat_1_5,reverse_4_10
105,flat,1,s316:0.1_s316:0.1_ptfe:0.1,5,22,4.66,,,,s316:0.5_s316:0.4_tef:0.3,flat_1_5,reverse_4_5.5
106,flat,1,s316:0.1_s316:0.1_ptfe:0.1,5,22,5.47,,,,s316:0.3_s316:0.3_tef:0.1,flat_1_5,reverse_4_7.9
107,flat,1,s316:0.1_s316:0.1_ptfe:0.1,5,22,5.08,,,,s316:1_s316:1.5_tef:0.4,flat_1_5,reverse_4_8
108,flat,1,s316:0.1_s316:0.1_ptfe:0.1,5,22,4.97,,,,s316:0.5_s316:0.5_ptfe:0.4,flat_1_5,reverse_4_30.5
109,flat,36,s316:1_s316:1_tef:0.5_tef:0.5_s316:3,1,75,0.8,,,,s316:0.3_s316:0.3_ aluminum :0.1_tef:0.1,flat_36_1,reverse_4_11
110,flat,36,s316:1_s316:1_tef:0.5_tef:0.5_s316:3,0.715,35,6.3,,,,s316:0.5_s316:0.5_tef:0.1,flat_36_0.715,reverse_4_7
111,flat,36,s316:1_s316:1_tef:0.5_tef:0.5_s316:3,0.715,35,6.65,,,,s316:0.5_s316:0.2_ aluminum :0.2_s316:0.5_tef:0.5,flat_36_0.715,reverse_4_0.17
112,flat,36,s316:1_s316:1_tef:0.5_tef:0.5_s316:3,0.715,35,7.01,,,,monel :0.4_s316:0.05_ptfe:0.1,flat_36_0.715,reverse_4_9
113,flat,36,s316:1_s316:1_tef:0.5_tef:0.5_s316:3,0.715,35,8.2,,,,inconel :0.4_s316:0.05_ptfe:0.1,flat_36_0.715,reverse_4_12.8
114,flat,16,s316:1_s316:0.5_tef:0.5_tef:0.5_s316:0.5,3,35,4.1,,,,monel :0.6_ s316:0.05_ptfe:0.1,flat_16_3,reverse_4_50
115,flat,16,s316:1_s316:0.5_tef:0.5_tef:0.5_s316:0.5,3,35,2.72,,,,s316:0.6_s316:0.05_ptfe:0.1,flat_16_3,reverse_4_10.5
116,flat,16,s316:1_s316:0.5_tef:0.5_tef:0.5_s316:0.5,3,35,3.33,,,,s316:0.4_s316:0.05_ptfe:0.1,flat_16_3,reverse_4_22
117,flat,16,s316:1_s316:0.5_tef:0.5_tef:0.5_s316:0.5,3,35,4.4,,,,s316:0.5_s316:0.05_ptfe:0.1,flat_16_3,reverse_6_19
118,flat,16,s316:1_s316:0.5_tef:0.5_tef:0.5_s316:0.5,3,35,2.57,,,,s316:0.5_s316:0.5_ptfe:0.1,flat_16_3,reverse_6_3
119,flat,16,s316:1_s316:0.5_tef:0.5_tef:0.5_s316:0.5,3,35,3.21,,,,s316:0.8_inconel:0.05_ptfe:0.1,flat_16_3,reverse_6_0.3
120,flat,16,s316:1_s316:0.5_tef:0.5_tef:0.5_s316:0.5,3,35,3.18,,,,s316:0.8_s316:0.05_ptfe:0.1,flat_16_3,reverse_6_9.4
121,flat,24,s316:0.5_s316:1.5_tef:0.5,3.3,35,3.16,,,,inconel:0.8_s316:0.05_ptfe:0.1,flat_24_3.3,reverse_6_0.5
122,flat,24,s316:0.5_s316:1.5_tef:0.5,3.3,35,2.98,,,,s316:0.8_s316:0.1_ptfe:0.1,flat_24_3.3,reverse_6_6.9
123,flat,24,s316:0.5_s316:1.5_tef:0.5,3.3,35,3.37,,,,s316:1_s316:0.05_ptfe:0.1,flat_24_3.3,reverse_6_2.5
124,flat,8,s316:0.5_s316:0.5_tef:0.5,3.21,35,2.59,,,,hastelloy :1_ s316:0.05_ptfe:0.1,flat_8_3.21,reverse_6_5.19
125,flat,8,s316:0.5_s316:0.5_tef:0.5,3.2,35,3.7,,,,monel :1_ s316:0.05_ptfe:0.1,flat_8_3.2,reverse_6_6.19
126,flat,8,s316:0.5_s316:0.5_tef:0.5,3.3,35,3.9,,,,s316:1_inconel:0.1_ptfe:0.1,flat_8_3.3,reverse_6_3.15
127,flat,8,s316:0.5_s316:0.5_tef:0.5,3.2,35,2.81,,,,s316:1_inconel:0.05_ptfe:0.1,flat_8_3.2,reverse_6_5.5
128,flat,8,s316:0.5_s316:0.5_tef:0.5,3.2,35,3.4,,,,s316:1_s316:0.1_ptfe:0.1,flat_8_3.2,reverse_8_1
129,flat,16,s316:0.5_s316:1_tef:0.5,3.5,35,3.28,,,,hastelloy:0.8_s316:0.05_ptfe:0.1,flat_16_3.5,reverse_8_8
130,flat,16,s316:0.5_s316:1_tef:0.5,3,35,3.3,,,,inconel:1.6_ inconel:0.1_ptfe:0.1,flat_16_3,reverse_8_7
131,flat,16,s316:0.5_s316:1_tef:0.5,3.5,35,3.52,,,,inconel:0.5_s316:0.05_ptfe:0.1,flat_16_3.5,reverse_8_13.5
132,flat,16,s316:0.5_s316:1_tef:0.5,3,35,3.31,,,,inconel:1_s316:0.05_ptfe:0.1,flat_16_3,reverse_10_22.8
133,flat,24,s316:0.5_s316:1.5_tef:0.5,3.5,35,3.1,,,,s316:1.5_s316:0.1_ptfe:0.1,flat_24_3.5,reverse_10_1.76
134,flat,24,s316:0.5_s316:1.5_tef:0.5,3,35,3.25,,,,s316:2.5_s316:0.1_ptfe:0.1,flat_24_3,reverse_10_7
135,flat,24,s316:0.5_s316:1.5_tef:0.5,3.5,35,2.1,,,,s316:2_s316:0.1_ptfe:0.1,flat_24_3.5,reverse_10_4.2
136,flat,1,s316:0.1_s316:0.1_s316:0.5_tef:0.1,3.5,25,3.7,,,,hastelloy:1_ hastelloy:0.05_ptfe:0.1,flat_1_3.5,reverse_10_12
137,flat,1,s316:0.1_s316:0.1_s316:0.5_tef:0.1,3.5,25,3.8,,,,s316:0.3_s316:0.3_ptfe:0.1,flat_1_3.5,reverse_16_1
138,flat,1,s316:0.1_s316:0.1_s316:0.5_tef:0.1,3.5,25,3.1,,,,hastelloy:1_s316:0.1_ptfe:0.1,flat_1_3.5,0
139,flat,1,s316:0.1_s316:0.1_s316:0.5_tef:0.1,3.5,25,3.05,,,,inconel:0.5_s316:0.1_ptfe:0.1,flat_1_3.5,
140,flat,1,s316:0.1_s316:0.1_s316:0.5_tef:0.1,3.5,25,2.85,,,,inconel:0.1_ inconel:1.2_ptfe:0.1,flat_1_3.5,
141,flat,1,s316:0.1_s316:0.1_s316:0.5_tef:0.1,3.5,25,4.2,,,,inconel:1.5_s316:0.1_ptfe:0.1,flat_1_3.5,
142,flat,1,s316:0.1_s316:0.1_s316:0.5_tef:0.1,3.5,25,3.65,,,,s316:0.8_s316:.05_ptfe:0.1,flat_1_3.5,
143,flat,1,s316:0.1_s316:0.1_s316:0.5_tef:0.1,3.5,25,3.25,,,,monel :04_ s316:0.05_ptfe:0.1,flat_1_3.5,
144,flat,8,s316L:0.1_s316L:0.1_s316:0.5_tef:0.1,0.2,125,9.9,,,,s316:0.4_monel:0.05_ptfe:0.1,flat_8_0.2,
145,flat,8,s316L:0.1_s316L:0.1_s316:0.5_tef:0.1,0.2,125,12.9,,,,s316:0.1_s316:0.1_s316:0.05_tef:0.4,flat_8_0.2,
146,flat,8,s316L:0.1_s316L:0.1_s316:0.5_tef:0.1,0.2,125,12.6,,,,s316:0.4_s316:0.1_tef:0.5,flat_8_0.2,
147,flat,8,s316L:0.1_s316L:0.1_s316:0.5_tef:0.1,0.2,125,16,,,,inconel:0.5_s316:0.1_tef:0.5,flat_8_0.2,
148,flat,8,s316L:0.1_s316L:0.1_s316:0.5_tef:0.1,0.2,125,15.55,,,,s316:0.5_s316:0.1_tef:0.5,flat_8_0.2,
149,flat,8,s316L:0.1_s316L:0.1_s316:0.5_tef:0.1,0.2,125,11.43,,,,inconel:0.8_s316:0.05_tef:0.5,flat_8_0.2,
150,flat,8,s316L:0.1_s316L:0.1_s316:0.5_tef:0.1,0.2,125,,,,,s316:1.5_s316:0.1_s316:0.5_tef:0.5,flat_8_0.2,
151,flat,24,s316:2_s316:0.5_tef:0.5,3,22,3.4,,,,s316:1.5_s316:0.5_ptfe:0.3,flat_24_3,
152,flat,24,s316:2_s316:0.5_tef:0.5,3,22,3.3,,,,s316:1.5_s316:0.1_ptfe:0.3,flat_24_3,
153,flat,24,s316:2_s316:0.5_tef:0.5,3,22,1.3,,,,s316:2.5_s316:0.1_ptfe:0.3,flat_24_3,
154,flat,24,s316:2_s316:0.5_tef:1.5,4,22,4.3,,,,s316:3_s316:0.1_ptfe:0.3,flat_24_4,
155,flat,24,s316:2_s316:0.5_tef:1.5,4,22,4.4,,,,s316:1.5_inconel:0.1_inconel:1_ptfe:0.3,flat_24_4,
156,flat,24,s316:2_s316:0.5_tef:1.5,4,22,3.97,,,,s316:1_s316:0.1_s316:0.5_tef:0.5,flat_24_4,
157,flat,24,s316:2_s316:0.5_tef:1.5,4,22,1.4,,,,inconel:0.5_s316:0.1_fep:0.5,flat_24_4,
158,flat,24,s316:2_s316:0.5_tef:1.5,4,22,2.14,,,,inconel:0.5_s316:0.1_fep:0.4,flat_24_4,
159,flat,24,s316:2_s316:0.5_tef:1.5,4,22,1.31,,,,inconel:0.5_s316:0.1_fep:0.81,flat_24_4,
160,flat,24,s316:2_s316:0.5_tef:1.5,5,22,4.75,,,,inconel:0.5_s316:0.1_fep:0.65,flat_24_5,
161,flat,24,s316:2_s316:0.5_tef:1.5,5,22,1.43,,,,inconel:0.5_s316:0.1_fep:0.8,flat_24_5,
162,flat,24,s316:3_s316:0.5_tef:0.5,6,22,2.54,,,,inconel:1.2_s316:0.1_fep:0.5,flat_24_6,
163,flat,24,s316:3_s316:0.5_tef:0.5,6,22,2.08,,,,inconel:0.8_s316:0.1_fep:0.4,flat_24_6,
164,flat,24,s316:3_s316:0.5_tef:0.5,6,22,2.23,,,,inconel:0.8_s316:0.1_fep:0.5,flat_24_6,
165,flat,24,s316:3_s316:0.5_tef:0.5,6,22,2.3,,,,inconel:1.2_s316:0.1_fep:0.4,flat_24_6,
166,flat,24,s316:3_s316:0.5_tef:0.5,6,22,2.28,,,,inconel:1_s316:0.1_fep:0.4,flat_24_6,
167,flat,24,s316:3_s316:0.5_tef:0.5,6,22,5.5,,,,inconel:1.2_ inconel:0.5_fep:0.5,flat_24_6,
168,flat,24,s316:3_s316:0.5_tef:0.5,6,22,6.17,,,,0,flat_24_6,
169,flat,24,s316:3_s316:0.5_tef:0.5,6,22,2.27,,,,,flat_24_6,
170,flat,2,s316:0.1_s316:0.1_plastic:0.05,0.5,25,0.81,,,,,flat_2_0.5,
171,flat,2,s316:0.1_s316:0.1_plastic:0.05,0.5,25,0.98,,,,,flat_2_0.5,
172,flat,2,s316:0.1_s316:0.1_plastic:0.05,0.5,25,1.1,,,,,flat_2_0.5,
173,flat,2,s316:0.1_s316:0.1_plastic:0.05,0.5,25,1.2,,,,,flat_2_0.5,
174,flat,2,s316:0.1_s316:0.1_plastic:0.05,0.5,25,0.6,,,,,flat_2_0.5,
175,flat,2,s316:0.1_s316:0.1_plastic:0.05,0.5,25,0.68,,,,,flat_2_0.5,
176,flat,2,s316:0.1_s316:0.1_plastic:0.05,0.5,25,1.42,,,,,flat_2_0.5,
177,flat,2,s316:0.1_s316:0.1_plastic:0.05,0.5,25,0.54,,,,,flat_2_0.5,
178,flat,2,s316:0.1_s316:0.1_plastic:0.05,0.5,25,0.46,,,,,flat_2_0.5,
179,flat,2,s316:0.1_s316:0.1_plastic:0.05,0.5,25,0.39,,,,,flat_2_0.5,
180,flat,2,s316:0.1_s316:0.1_plastic:0.05,0.5,25,0.44,,,,,flat_2_0.5,
181,flat,2,s316:0.1_s316:0.1_plastic:0.05,0.5,25,0.6,,,,,flat_2_0.5,
182,flat,2,s316:0.1_s316:0.1_plastic:0.05,0.5,25,0.65,,,,,flat_2_0.5,
183,flat,2,s316:0.1_s316:0.1_plastic:0.05,0.5,25,0.62,,,,,flat_2_0.5,
184,flat,2,s316:0.1_s316:0.1_plastic:0.05,0.5,25,0.35,,,,,flat_2_0.5,
185,flat,2,s316:0.1_s316:0.1_plastic:0.05,0.5,25,0.47,,,,,flat_2_0.5,
186,flat,2,s316:0.1_s316:0.1_plastic:0.05,0.5,25,0.39,,,,,flat_2_0.5,
187,flat,2,s316:0.1_s316:0.1_plastic:0.05,0.5,25,0.54,,,,,flat_2_0.5,
188,flat,2,s316:0.1_s316:0.1_plastic:0.05,0.5,25,0.54,,,,,flat_2_0.5,
189,flat,2,s316:0.1_s316:0.1_plastic:0.05,0.5,25,0.52,,,,,flat_2_0.5,
190,flat,2,s316:0.1_s316:0.1_plastic:0.05,0.5,25,0.55,,,,,flat_2_0.5,
191,flat,2,s316:0.1_s316:0.1_plastic:0.05,0.5,25,0.15,,,,,flat_2_0.5,
192,flat,2,s316:0.1_s316:0.1_plastic:0.05,0.5,25,0.47,,,,,flat_2_0.5,
193,flat,2,s316:0.1_s316:0.1_plastic:0.05,0.5,25,0.48,,,,,flat_2_0.5,
194,flat,2,s316:0.1_s316:0.1_plastic:0.05,0.5,25,0.51,,,,,flat_2_0.5,
195,flat,2,s316:0.1_s316:0.1_plastic:0.05,0.5,25,0.67,,,,,flat_2_0.5,
196,flat,6,s316:0.5_s316:0.5_tef:0.2,7.5,77,9.62,,,,,flat_6_7.5,
197,flat,6,s316:0.5_s316:0.5_tef:0.2,7.5,77,9.65,,,,,flat_6_7.5,
198,flat,6,s316:0.5_s316:0.5_tef:0.2,7.5,77,7.92,,,,,flat_6_7.5,
199,flat,6,s316:0.5_s316:0.5_tef:0.2,7.5,77,7.83,,,,,flat_6_7.5,
200,flat,6,s316:0.5_s316:0.5_tef:0.2,7.5,77,5.36,,,,,flat_6_7.5,
201,flat,6,s316:0.5_s316:0.5_tef:0.2,7.5,77,5.41,,,,,flat_6_7.5,
202,flat,6,s316:0.5_s316:0.5_tef:0.2,7.5,77,5.48,,,,,flat_6_7.5,
203,flat,6,s316:0.5_s316:0.5_tef:0.2,7.5,77,5.56,,,,,flat_6_7.5,
204,flat,6,s316:0.5_s316:0.5_tef:0.2,7.5,77,5.75,,,,,flat_6_7.5,
205,flat,6,s316:0.5_s316:0.5_tef:0.2,7.5,77,6.05,,,,,flat_6_7.5,
206,flat,6,s316:0.5_s316:0.5_tef:0.2,7.5,77,4.83,,,,,flat_6_7.5,
207,flat,6,s316:0.5_s316:0.5_tef:0.2,7.5,77,4.63,,,,,flat_6_7.5,
208,flat,6,s316:0.5_s316:0.5_tef:0.2,7.5,77,5.24,,,,,flat_6_7.5,
209,flat,6,s316:0.5_s316:0.5_tef:0.2,7.5,77,5.26,,,,,flat_6_7.5,
210,forward,3,S316:0.4_nickel:0.25_tef:0.3,8.03,20,9.8,,,,,forward_3_8.03,
211,forward,3,S316:0.05_nickel:0.25_tef:0.4,8.03,20,8.45,,,,,forward_3_8.03,
212,forward,3,S316:0.05_nickel:0.25_tef:0.2,8.03,20,7.65,,,,,forward_3_8.03,
213,forward,3,S316:0.05_nickel:0.25_tef:0.3,8.03,20,7.3,,,,,forward_3_8.03,
214,forward,4,inconel:1_s316L:0.05_tef:0.3,27.7,325,31,,,,,forward_4_27.7,
215,forward,4,inconel:1_s316L:0.05_tef:0.05,29.1,20,31.76,,,,,forward_4_29.1,
216,forward,4,inconel:1_s316L:0.05_tef:0.2,27.7,325,30.41,,,,,forward_4_27.7,
217,forward,4,inconel:1_s316L:0.05_tef:0.2,29.1,20,29.98,,,,,forward_4_29.1,
218,forward,3,s316L:0.2_s316L:0.1_tef:0.3,4.6,60,4.5,,,,,forward_3_4.6,
219,forward,3,s316L:0.2_s316L:0.1_tef:0.4,4.6,60,2.81,,,,,forward_3_4.6,
220,forward,3,s316L:0.2_s316L:0.1_tef:0.2,4.6,60,4.53,,,,,forward_3_4.6,
221,forward,3,s316L:0.3_s316L:0.1_tef:0.3,4.6,60,29.98,,,,,forward_3_4.6,
222,forward,3,s316L:0.3_s316L:0.1_tef:0.3,4.6,60,4.65,,,,,forward_3_4.6,
223,forward,1,S316L:0.05_S316L:0.1_tef:0.05,5,30,6.02,,,,,forward_1_5,
224,forward,4,inconel:0.42_s316L:0.1_tef:0.3,115,100,116.7,,,,,forward_4_115,
225,forward,4,inconel:0.42_s316L:0.1_tef:0.05,115,100,119.1,,,,,forward_4_115,
226,forward,4,inconel:0.42_s316L:0.1_tef:0.3,75,100,78.1,,,,,forward_4_75,
227,forward,4,inconel:0.42_s316L:0.1_tef:0.05,75,100,77.8,,,,,forward_4_75,
228,forward,1,s316L:0.1_s316L:0.1_tef:0.05,5,165,5.63,,,,,forward_1_5,
229,forward,1,s316L:0.1_s316L:0.1_tef:0.05,5,165,5.37,,,,,forward_1_5,
230,forward,1,s316L:0.1_s316L:0.1_tef:0.05,2.5,165,2.69,,,,,forward_1_2.5,
231,forward,1,s316L:0.1_s316L:0.1_tef:0.05,2.5,165,2.64,,,,,forward_1_2.5,
232,forward,1,s316L:0.1_s316L:0.1_tef:0.05,2.5,165,2.27,,,,,forward_1_2.5,
233,forward,1,s316L:0.1_s316L:0.1_tef:0.05,2.5,165,2.22,,,,,forward_1_2.5,
234,forward,1,s316L:0.1_s316L:0.1_tef:0.05,7,38,7.39,,,,,forward_1_7,
235,forward,1,s316L:0.1_s316L:0.1_tef:0.05,7,38,7.76,,,,,forward_1_7,
236,forward,1,s316L:0.1_s316L:0.1_tef:0.05,7,38,6.53,,,,,forward_1_7,
237,forward,1,s316L:0.1_s316L:0.1_tef:0.05,5,20,4.32,,,,,forward_1_5,
238,forward,1,s316L:0.1_s316L:0.1_tef:0.05,5,20,4.21,,,,,forward_1_5,
239,forward,3,s316L:0.1_s316L:0.1_tef:0.1,1,148,1.01,,,,,forward_3_1,
240,forward,3,s316L:0.1_s316L:0.1_tef:0.1,1,148,1.1,,,,,forward_3_1,
241,forward,3,s316L:0.1_s316L:0.1_tef:0.1,1,148,0.8,,,,,forward_3_1,
242,forward,3,s316L:0.1_s316L:0.1_tef:0.1,1,148,0.985,,,,,forward_3_1,
243,forward,1,s316L:0.05_s316L:0.05_s316L:0.05_tef:0.1,5,22,5.31,,,,,forward_1_5,
244,forward,1,s316L:0.05_s316L:0.05_s316L:0.05_tef:0.1,5,22,5.33,,,,,forward_1_5,
245,forward,1,s316L:0.05_s316L:0.2_s316L:0.05_tef:0.1,5,22,5.8,,,,,forward_1_5,
246,forward,1,s316L:0.05_s316L:0.05_s316L:0.05_tef:0.1,5,22,5.4,,,,,forward_1_5,
247,forward,1,s316L:0.1_s316L:0.1_tef:0.1,10,181,10.63,,,,,forward_1_10,
248,forward,1,s316L:0.1_s316L:0.1_tef:0.1,10,181,9.42,,,,,forward_1_10,
249,forward,1,s316L:0.1_s316L:0.1_tef:0.1,10,181,8.86,,,,,forward_1_10,
250,forward,1,s316L:0.1_s316L:0.1_tef:0.1,10,181,9.3,,,,,forward_1_10,
251,forward,1,s316L:0.1_s316L:0.1_tef:0.1,10,181,11.7,,,,,forward_1_10,
252,forward,1,s316L:0.1_s316L:0.1_tef:0.1,10,181,6.13,,,,,forward_1_10,
253,forward,1.5,s316L:0.1_s316L:0.1_tef:0.2,10,180,8.8,,,,,forward_1.5_10,
254,forward,1.5,s316L:0.1_s316L:0.1_s316L:0.1_tef:0.1,10,180,9.06,,,,,forward_1.5_10,
255,forward,1.5,s316L:0.1_s316L:0.1_s316L:0.1_tef:0.1,10,180,10.08,,,,,forward_1.5_10,
256,forward,1.5,s316L:0.2_s316L:0.1_s316L:0.1_tef:0.1,10,180,18.86,,,,,forward_1.5_10,
257,forward,1.5,s316L:0.1_s316L:0.1_s316L:0.1_tef:0.1,10,180,9.15,,,,,forward_1.5_10,
258,forward,3,s316L:0.3_s316L:0.1_tef:0.3,3.3,130,2.96,,,,,forward_3_3.3,
259,forward,3,s316L:0.3_s316L:0.1_tef:0.3,3.3,130,2.86,,,,,forward_3_3.3,
260,forward,3,s316L:0.3_s316L:0.1_tef:0.3,3.3,130,3.57,,,,,forward_3_3.3,
261,forward,3,s316L:0.3_s316L:0.1_tef:0.3,3.3,130,3.9,,,,,forward_3_3.3,
262,forward,3,s316L:0.3_s316L:0.1_tef:0.3,3.3,130,3.15,,,,,forward_3_3.3,
263,forward,4,s316L:0.3_s316L:0.1_tef:0.3,3.3,131,2.6,,,,,forward_4_3.3,
264,forward,4,s316L:0.3_s316L:0.1_tef:0.2,3.3,131,3.08,,,,,forward_4_3.3,
265,forward,4,s316L:0.3_s316L:0.1_tef:0.3,3.3,131,3.28,,,,,forward_4_3.3,
266,forward,4,s316L:0.3_s316L:0.1_tef:0.3,3.3,131,3.56,,,,,forward_4_3.3,
267,forward,4,s316L:0.3_s316L:0.1_tef:0.3,3.3,131,3.65,,,,,forward_4_3.3,
268,forward,4,s316L:0.3_s316L:0.1_tef:0.3,3.3,131,3.28,,,,,forward_4_3.3,
269,forward,16,s316L:0.4_s316L:0.1_fep:0.4,0.5,22,0.51,,,,,forward_16_0.5,
270,forward,16,s316L:0.4_s316L:0.1_fep:0.4,0.5,22,0.575,,,,,forward_16_0.5,
271,forward,4,inconel:1_ inconel:0.42_ptfe:0.5,17.2,65.6,15,,,,,forward_4_17.2,
272,forward,4,inconel:1_ inconel:0.42_ptfe:0.5,17.2,65.6,18.13,,,,,forward_4_17.2,
273,forward,6,s316L:0.6_s316L:0.2_s316L:0.1_ptfe:0.5,2.35,50,2.49,,,,,forward_6_2.35,
274,forward,6,s316L:0.6_s316L:0.2_s316L:0.1_ptfe:0.5,2.35,50,2.02,,,,,forward_6_2.35,
275,forward,6,s316L:0.6_s316L:0.2_s316L:0.1_ptfe:0.5,2.35,50,1.97,,,,,forward_6_2.35,
276,forward,6,s316L:0.6_s316L:0.2_s316L:0.1_ptfe:0.5,2.35,50,2.66,,,,,forward_6_2.35,
277,forward,4,s316L:1_s316L:0.6_ptfe:0.5,8.4,80,7.91,,,,,forward_4_8.4,
278,forward,4,s316L:1_s316L:0.6_ptfe:0.5,8.4,80,8.38,,,,,forward_4_8.4,
279,forward,4,s316L:1_s316L:0.6_ptfe:0.5,8.4,80,8.05,,,,,forward_4_8.4,
280,forward,2,s316:0.1_inconel:0.45_fep:0.1,3.25,75,3.75,,,,,forward_2_3.25,
281,forward,2,s316:0.1_inconel:0.45_fep:0.1,3.25,75,3.25,,,,,forward_2_3.25,
282,forward,12,s316:1.5_inconel:0.42_ptfe:0.5,16.17,81.67,9.59,,,,,forward_12_16.17,
283,forward,12,s316:1.5_inconel:0.42_ptfe:0.5,16.17,81.67,13.6,,,,,forward_12_16.17,
284,forward,12,s316:1.5_inconel:0.42_ptfe:0.5,16.17,81.67,15.3,,,,,forward_12_16.17,
285,forward,1,s316:0.1_s316:1_fep:.1,5,30,5.15,,,,,forward_1_5,
286,forward,1,s316:0.1_s316:1_fep:0.1,5,30,5.43,,,,,forward_1_5,
287,forward,1,s316:0.1_s316:1_fep:0.1,5,30,5.59,,,,,forward_1_5,
288,forward,1,s316:0.05_s316:0.05_fep:0.1,5,30,4.87,,,,,forward_1_5,
289,forward,1,s316:0.05_s316:0.05_fep:0.1,5,30,6.47,,,,,forward_1_5,
290,forward,1,s316:0.05_s316:0.05_fep:0.1,5,30,5.35,,,,,forward_1_5,
291,forward,1.5,s316:0.1_s316L:0.1_tef:0.1,2,135,1.35,,,,,forward_1.5_2,
292,forward,1.5,s316:0.1_s316L:0.1_tef:0.1,2,135,1.39,,,,,forward_1.5_2,
293,forward,1.5,s316:0.1_s316L:0.1_tef:0.1,2,135,2.09,,,,,forward_1.5_2,
294,forward,1.5,s316:0.1_s316L:0.1_tef:0.1,2,135,2.04,,,,,forward_1.5_2,
295,forward,1.5,s316:0.1_s316L:0.1_tef:0.1,2,135,1.99,,,,,forward_1.5_2,
296,forward,1.5,s316:0.1_s316:0.1_tef:0.3,2,135,2.25,,,,,forward_1.5_2,
297,forward,2,s316:0.1_s316:0.1_tef:0.3,3,60.2,3.2,,,,,forward_2_3,
298,forward,2,s316:0.1_s316:0.1_tef:0.3,3,60.2,2.94,,,,,forward_2_3,
299,forward,3,s316L:0.5_s316L:0.1_tef:0.5,3,48,2.57,,,,,forward_3_3,
300,forward,3,s316L:0.3_s316L:0.1_tef:0.5,3,48,3.47,,,,,forward_3_3,
301,forward,0.5,s316:0.2_s316:0.05_s316L:0.1_ptfe:0.5,248,100,249.4,,,,,forward_0.5_248,
302,forward,0.5,s316:0.2_s316:0.05_s316L:0.1_ptfe:0.4,248,100,245.7,,,,,forward_0.5_248,
303,forward,4,s316:1_s316:0.4_ptfe:0.5,10,100,16.8,,,,,forward_4_10,
304,forward,4,s316:1_s316:0.4_ptfe:0.4,10,100,7.86,,,,,forward_4_10,
305,forward,4,s316:1_s316:0.4_ptfe:0.5,10,100,9.87,,,,,forward_4_10,
306,forward,4,s316:1_s316:0.4_ptfe:0.5,10,100,10.45,,,,,forward_4_10,
307,forward,4,s316:1_s316:0.4_ptfe:0.5,10,100,10.25,,,,,forward_4_10,
308,forward,12,s316:0.5_ aluminum :0.2_ aluminum:0.2_s316:0.5,3.5,250,1.73,,,,,forward_12_3.5,
309,forward,12,s316:0.5_ aluminum :0.2_ aluminum:0.2_s316:0.5,3.5,250,3.42,,,,,forward_12_3.5,
310,forward,1.5,s316:0.1_s316L:0.1_ptfe:0.1,3.3,149,9.04,,,,,forward_1.5_3.3,
311,forward,1.5,s316:0.1_s316L:0.1_ptfe:0.1,3.3,149,2.49,,,,,forward_1.5_3.3,
312,forward,1.5,s316:0.1_s316L:0.1_ptfe:0.1,3.3,149,2.59,,,,,forward_1.5_3.3,
313,forward,1.5,s316:0.1_s316L:0.1_ptfe:0.1,3.3,149,3.35,,,,,forward_1.5_3.3,
314,forward,1.5,s316:0.1_s316L:0.1_ptfe:0.1,3.3,149,3.18,,,,,forward_1.5_3.3,
315,forward,1.5,s316:0.1_s316:0.1_ptfe:0.1,3.3,149,3.5,,,,,forward_1.5_3.3,
316,forward,1.5,s316:0.1_s316:0.1_ptfe:0.1,3.3,149,3.3,,,,,forward_1.5_3.3,
317,forward,1.5,s316:0.1_s316:0.1_ptfe:0.1,3.3,149,3.65,,,,,forward_1.5_3.3,
318,forward,1.5,s316:0.1_s316:0.1_ptfe:0.1,3.3,149,3.49,,,,,forward_1.5_3.3,
319,forward,1.5,s316:0.1_s316:0.1_ptfe:0.1,3.3,149,3.71,,,,,forward_1.5_3.3,
320,forward,1.5,s316:0.2_s316:0.1_ptfe:0.2,3.3,149,3.21,,,,,forward_1.5_3.3,
321,forward,1.5,s316:0.1_s316:0.1_ptfe:0.1,3.3,149,2.75,,,,,forward_1.5_3.3,
322,forward,1.5,s316:0.1_s316:0.1_ptfe:0.1,3.3,149,3.99,,,,,forward_1.5_3.3,
323,forward,1.5,s316:0.1_s316:0.1_ptfe:0.1,3.3,149,2.7,,,,,forward_1.5_3.3,
324,forward,1.5,s316:0.1_s316:0.1_ptfe:0.1,3.3,149,3.01,,,,,forward_1.5_3.3,
325,forward,1.5,s316:0.1_s316:0.1_ptfe:0.1,3.3,149,3.65,,,,,forward_1.5_3.3,
326,forward,1.5,s316:0.1_s316:0.1_ptfe:0.1,3.3,149,3.43,,,,,forward_1.5_3.3,
327,forward,1.5,s316:0.1_s316:0.1_ptfe:0.1,3.3,149,5.3,,,,,forward_1.5_3.3,
328,forward,1.5,s316:0.1_s316:0.1_ptfe:0.1,3.3,149,3.5,,,,,forward_1.5_3.3,
329,forward,1.5,s316:0.1_s316:0.1_ptfe:0.1,3.3,149,3.13,,,,,forward_1.5_3.3,
330,forward,1.5,s316:0.1_s316:0.1_ptfe:0.1,3.3,149,3.85,,,,,forward_1.5_3.3,
331,forward,1.5,s316:0.1_s316:0.1_ptfe:0.1,3.3,149,3.1,,,,,forward_1.5_3.3,
332,forward,1.5,s316:0.1_s316:0.1_ptfe:0.1,3.3,149,2.65,,,,,forward_1.5_3.3,
333,forward,1.5,s316:0.1_s316:0.1_ptfe:0.1,3.3,149,3.7,,,,,forward_1.5_3.3,
334,forward,1.5,s316:0.1_s316:0.2_ptfe:0.1,3.3,149,3.1,,,,,forward_1.5_3.3,
335,forward,1.5,s316:0.1_s316:0.2_ptfe:0.1,3.3,149,3.03,,,,,forward_1.5_3.3,
336,forward,1.5,s316:0.4_inconel:0.42_ptfe:0.3,204,20,24.46,,,,,forward_1.5_204,
337,forward,1.5,s316:0.4_inconel:0.42_ptfe:0.3,204,20,17.79,,,,,forward_1.5_204,
338,forward,1.5,s316:0.4_inconel:0.42_ptfe:0.3,204,20,19.06,,,,,forward_1.5_204,
339,forward,1.5,s316:0.4_inconel:0.42_ptfe:0.3,204,20,19.86,,,,,forward_1.5_204,
340,forward,1.5,s316:0.4_inconel:0.42_ptfe:0.3,204,20,19.02,,,,,forward_1.5_204,
341,forward,1.5,s316:0.4_inconel:0.42_ptfe:0.3,204,20,21.78,,,,,forward_1.5_204,
342,forward,1.5,s316:0.4_inconel:0.42_ptfe:0.3,204,20,19.11,,,,,forward_1.5_204,
343,forward,1.5,s316:0.4_inconel:0.42_ptfe:0.3,204,20,19.57,,,,,forward_1.5_204,
344,forward,3,s316:0.5_s316:0.5_fep:0.15,3.25,48,3.12,,,,,forward_3_3.25,
345,forward,3,s316:0.5_s316:0.5_fep:0.15,3.25,48,2.97,,,,,forward_3_3.25,
346,forward,3,s316:0.5_s316:0.5_fep:0.15,3.25,48,3.09,,,,,forward_3_3.25,
347,forward,3,s316:0.5_s316:0.5_fep:0.15,3.25,48,3.17,,,,,forward_3_3.25,
348,forward,14,s316:1.5_s316:1_ptfe:0.5,8.81,180,7.83,,,,,forward_14_8.81,
349,forward,6,s316:0.5_s316:0.3_tef:0.5,5.49,82,5.61,,,,,forward_6_5.49,
350,forward,6,s316:0.5_s316:0.3_tef:0.5,5.49,82,5.57,,,,,forward_6_5.49,
351,forward,6,s316:0.5_s316:0.3_tef:0.5,5.49,82,5.13,,,,,forward_6_5.49,
352,forward,6,s316:0.5_s316:0.3_tef:0.5,5.49,82,5.54,,,,,forward_6_5.49,
353,forward,6,s316:0.5_s316:0.3_tef:0.5,5.49,82,5.6,,,,,forward_6_5.49,
354,forward,3,s316:0.5_s316:0.3_tef:0.5,5.49,82,5.8,,,,,forward_3_5.49,
355,forward,3,s316:0.5_s316:0.3_tef:0.5,5.49,82,5.84,,,,,forward_3_5.49,
356,forward,3,s316:0.5_s316:0.3_tef:0.5,5.49,82,5.72,,,,,forward_3_5.49,
357,forward,3,s316:0.5_s316:0.3_tef:0.5,5.49,82,5.78,,,,,forward_3_5.49,
358,forward,3,s316:0.5_s316:0.3_tef:0.5,5.49,82,5.66,,,,,forward_3_5.49,
359,forward,10,s316:1.5_s316:0.1_tef:0.5,3,200,3.42,,,,,forward_10_3,
360,forward,10,s316:1.5_s316:0.1_tef:0.5,3,200,4,,,,,forward_10_3,
361,forward,10,s316:1.5_s316:0.1_tef:0.5,3,200,2.94,,,,,forward_10_3,
362,forward,10,s316:1.5_s316:0.1_tef:0.5,3,200,3.03,,,,,forward_10_3,
363,forward,10,s316:1.5_s316:0.1_tef:0.5,3,200,2.8,,,,,forward_10_3,
364,forward,10,s316:1.5_s316:0.1_tef:0.5,3,200,4.1,,,,,forward_10_3,
365,forward,10,s316:1.5_s316:0.1_tef:0.5,3,200,3.3,,,,,forward_10_3,
366,forward,10,s316:1.5_s316:0.1_tef:0.5,3,200,2.88,,,,,forward_10_3,
367,forward,10,s316:1.5_s316:0.1_tef:0.5,3,200,2.97,,,,,forward_10_3,
368,forward,10,s316:1.5_s316:0.1_tef:0.5,2.7,200,2.63,,,,,forward_10_2.7,
369,forward,10,s316:1.5_s316:0.1_tef:0.5,2.7,200,3.13,,,,,forward_10_2.7,
370,forward,10,s316:1.5_s316:0.1_tef:0.5,2.7,200,2.88,,,,,forward_10_2.7,
371,forward,10,s316:1.5_s316:0.1_tef:0.5,2.7,200,2.71,,,,,forward_10_2.7,
372,forward,10,s316:1.5_s316:0.1_tef:0.5,2.7,200,2.6,,,,,forward_10_2.7,
373,forward,10,s316:1.5_s316:0.1_tef:0.5,2.7,200,8,,,,,forward_10_2.7,
374,forward,10,s316:1.5_s316:0.1_tef:0.5,2.7,200,5.57,,,,,forward_10_2.7,
375,forward,10,s316:1.5_s316:0.1_tef:0.5,2.7,200,2.58,,,,,forward_10_2.7,
376,forward,10,s316:1.5_s316:0.1_tef:0.5,2.7,200,3.65,,,,,forward_10_2.7,
377,forward,10,s316:1.5_s316:0.1_tef:0.5,2.7,200,3.85,,,,,forward_10_2.7,
378,forward,8,s316:0.5_s316:0.4_tef:0.3,2.6,140,1.8,,,,,forward_8_2.6,
379,forward,8,s316:0.5_s316:0.4_tef:0.3,2.6,140,3.8,,,,,forward_8_2.6,
380,forward,8,s316:0.5_s316:0.4_tef:0.3,2.6,140,2.79,,,,,forward_8_2.6,
381,forward,8,s316:0.5_s316:0.4_tef:0.3,2.6,140,2.57,,,,,forward_8_2.6,
382,forward,8,s316:0.5_s316:0.4_tef:0.3,2.6,140,2.56,,,,,forward_8_2.6,
383,forward,8,s316:0.5_s316:0.4_tef:0.3,2.6,140,2.46,,,,,forward_8_2.6,
384,forward,8,s316:0.5_s316:0.4_tef:0.3,2.6,140,2.59,,,,,forward_8_2.6,
385,forward,8,s316:0.5_s316:0.4_tef:0.3,2.6,140,2.49,,,,,forward_8_2.6,
386,forward,3,s316:0.3_s316:0.3_tef:0.1,4.2,50,4.03,,,,,forward_3_4.2,
387,forward,3,s316:0.3_s316:0.3_tef:0.1,4.2,50,4.16,,,,,forward_3_4.2,
388,forward,3,s316:0.3_s316:0.3_tef:0.1,4.2,50,4.43,,,,,forward_3_4.2,
389,forward,3,s316:0.3_s316:0.3_tef:0.1,4.2,50,4.15,,,,,forward_3_4.2,
390,forward,3,s316:0.3_s316:0.3_tef:0.1,4.2,50,4.25,,,,,forward_3_4.2,
391,forward,14,s316:1_s316:1.5_tef:0.4,8.81,180,8.25,,,,,forward_14_8.81,
392,forward,14,s316:1_s316:1.5_tef:0.4,8.81,180,8.18,,,,,forward_14_8.81,
393,forward,10,s316:0.5_s316:0.5_ptfe:0.4,160,2,1.94,,,,,forward_10_160,
394,forward,10,s316:0.5_s316:0.5_ptfe:0.4,160,2,1.6,,,,,forward_10_160,
395,forward,10,s316:0.5_s316:0.5_ptfe:0.4,160,2,1.91,,,,,forward_10_160,
396,forward,16,s316:0.5_s316:0.5_ptfe:0.4,160,2,2.03,,,,,forward_16_160,
397,forward,3,s316:0.3_s316:0.3_ aluminum :0.1_tef:0.1,3.5,240,4.2,,,,,forward_3_3.5,
398,forward,3,s316:0.3_s316:0.3_ aluminum :0.1_tef:0.1,3.5,240,3.5,,,,,forward_3_3.5,
399,forward,3,s316:0.3_s316:0.3_ aluminum :0.1_tef:0.1,3.5,240,6.2,,,,,forward_3_3.5,
400,forward,3,s316:0.3_s316:0.3_ aluminum :0.1_tef:0.1,3.5,240,5.4,,,,,forward_3_3.5,
401,forward,3,s316:0.3_s316:0.3_ aluminum :0.1_tef:0.1,3.5,240,10,,,,,forward_3_3.5,
402,forward,3,s316:0.3_s316:0.3_ aluminum :0.1_tef:0.1,3.5,240,4.7,,,,,forward_3_3.5,
403,forward,3,s316:0.3_s316:0.3_ aluminum :0.1_tef:0.1,3.5,240,6.9,,,,,forward_3_3.5,
404,forward,3,s316:0.3_s316:0.3_ aluminum :0.1_tef:0.1,3.5,240,3.78,,,,,forward_3_3.5,
405,forward,3,s316:0.3_s316:0.3_ aluminum :0.1_tef:0.1,3.5,240,4.91,,,,,forward_3_3.5,
406,forward,3,s316:0.3_s316:0.3_ aluminum :0.1_tef:0.1,3.5,240,5.5,,,,,forward_3_3.5,
407,forward,3,s316:0.3_s316:0.3_ aluminum :0.1_tef:0.1,3.5,240,3.58,,,,,forward_3_3.5,
408,forward,3,s316:0.3_s316:0.3_ aluminum :0.1_tef:0.1,3.5,240,3.25,,,,,forward_3_3.5,
409,forward,3,s316:0.3_s316:0.3_ aluminum :0.1_tef:0.1,3.5,240,3.33,,,,,forward_3_3.5,
410,forward,3,s316:0.3_s316:0.3_ aluminum :0.1_tef:0.1,3.5,240,3.47,,,,,forward_3_3.5,
411,forward,3,s316:0.3_s316:0.3_ aluminum :0.1_tef:0.1,3.5,240,3.04,,,,,forward_3_3.5,
412,forward,3,s316:0.3_s316:0.3_ aluminum :0.1_tef:0.1,3.5,240,3.33,,,,,forward_3_3.5,
413,forward,3,s316:0.3_s316:0.3_ aluminum :0.1_tef:0.1,3.5,240,4.2,,,,,forward_3_3.5,
414,forward,3,s316:0.3_s316:0.3_ aluminum :0.1_tef:0.1,3.5,240,4,,,,,forward_3_3.5,
415,forward,3,s316:0.3_s316:0.3_ aluminum :0.1_tef:0.1,3.5,240,3.58,,,,,forward_3_3.5,
416,forward,3,s316:0.3_s316:0.3_ aluminum :0.1_tef:0.1,3.5,240,5.33,,,,,forward_3_3.5,
417,forward,3,s316:0.3_s316:0.3_ aluminum :0.1_tef:0.1,3.5,240,6.83,,,,,forward_3_3.5,
418,forward,4,s316:0.3_s316:0.3_ aluminum :0.1_tef:0.1,3.25,180,3.11,,,,,forward_4_3.25,
419,forward,4,s316:0.3_s316:0.3_ aluminum :0.1_tef:0.1,3.25,180,3.27,,,,,forward_4_3.25,
420,forward,4,s316:0.3_s316:0.3_ aluminum :0.1_tef:0.1,3.25,180,3.5,,,,,forward_4_3.25,
421,forward,4,s316:0.3_s316:0.3_ aluminum :0.1_tef:0.1,3.25,180,4.09,,,,,forward_4_3.25,
422,forward,4,s316:0.3_s316:0.3_ aluminum :0.1_tef:0.1,3.25,180,5,,,,,forward_4_3.25,
423,forward,4,s316:0.5_s316:0.5_tef:0.1,5,22,3.73,,,,,forward_4_5,
424,forward,4,s316:0.5_s316:0.5_tef:0.1,5,22,5.1,,,,,forward_4_5,
425,forward,4,s316:0.5_s316:0.5_tef:0.1,5,22,5.5,,,,,forward_4_5,
426,forward,4,s316:0.5_s316:0.5_tef:0.1,5,22,5.2,,,,,forward_4_5,
427,forward,4,s316:0.5_s316:0.5_tef:0.1,5,22,4.9,,,,,forward_4_5,
428,forward,4,s316:0.5_s316:0.5_tef:0.1,5,22,4.84,,,,,forward_4_5,
429,forward,4,s316:0.5_s316:0.5_tef:0.1,5,22,5.05,,,,,forward_4_5,
430,forward,4,s316:0.5_s316:0.5_tef:0.1,5,22,4.85,,,,,forward_4_5,
431,forward,4,s316:0.5_s316:0.5_tef:0.1,5,22,4.12,,,,,forward_4_5,
432,forward,4,s316:0.5_s316:0.5_tef:0.1,5,22,5.4,,,,,forward_4_5,
433,forward,4,s316:0.5_s316:0.5_tef:0.1,5,22,5.2,,,,,forward_4_5,
434,forward,4,s316:0.5_s316:0.5_tef:0.1,5,22,5.1,,,,,forward_4_5,
435,forward,4,s316:0.5_s316:0.5_tef:0.1,5,22,4.72,,,,,forward_4_5,
436,forward,4,s316:0.5_s316:0.5_tef:0.1,5,22,5.04,,,,,forward_4_5,
437,forward,4,s316:0.5_s316:0.5_tef:0.1,5,22,5.003,,,,,forward_4_5,
438,forward,12,s316:0.5_s316:0.2_ aluminum :0.2_s316:0.5_tef:0.5,3.5,250,4.5,,,,,forward_12_3.5,
439,forward,12,s316:0.5_s316:0.2_ aluminum :0.2_s316:0.5_tef:0.5,3.5,250,3.58,,,,,forward_12_3.5,
440,forward,12,s316:0.5_s316:0.2_ aluminum :0.2_s316:0.5_tef:0.5,3.5,250,6.63,,,,,forward_12_3.5,
441,forward,12,s316:0.5_s316:0.2_ aluminum :0.2_s316:0.5_tef:0.5,3.5,250,3.85,,,,,forward_12_3.5,
442,forward,12,s316:0.5_s316:0.2_ aluminum :0.2_s316:0.5_tef:0.5,3.5,250,5.94,,,,,forward_12_3.5,
443,forward,12,s316:0.5_s316:0.2_ aluminum :0.2_s316:0.5_tef:0.5,3.5,250,5.5,,,,,forward_12_3.5,
444,forward,12,s316:0.5_s316:0.2_ aluminum :0.2_s316:0.5_tef:0.5,3.5,250,6.25,,,,,forward_12_3.5,
445,forward,12,s316:0.5_s316:0.2_ aluminum :0.2_s316:0.5_tef:0.5,3.5,250,3.53,,,,,forward_12_3.5,
446,forward,12,s316:0.5_s316:0.2_ aluminum :0.2_s316:0.5_tef:0.5,3.5,250,2.25,,,,,forward_12_3.5,
447,forward,3,s316:0.5_s316:0.5_tef:0.1,4.2,50,3.98,,,,,forward_3_4.2,
448,forward,3,s316:0.5_s316:0.5_tef:0.1,4.2,50,3.95,,,,,forward_3_4.2,
449,forward,3,s316:0.5_s316:0.5_tef:0.1,4.2,50,4.05,,,,,forward_3_4.2,
450,forward,3,s316:0.5_s316:0.5_tef:0.1,4.2,50,3.74,,,,,forward_3_4.2,
451,forward,3,s316:0.5_s316:0.5_tef:0.1,4.2,50,3.64,,,,,forward_3_4.2,
452,forward,3,s316:0.5_s316:0.5_tef:0.1,4.2,50,3.54,,,,,forward_3_4.2,
453,forward,3,s316:0.5_s316:0.5_tef:0.1,4.2,50,3.72,,,,,forward_3_4.2,
454,forward,3,s316:0.5_s316:0.5_tef:0.1,4.2,50,3.95,,,,,forward_3_4.2,
455,forward,3,s316:0.5_s316:0.5_tef:0.1,4.2,50,3.9,,,,,forward_3_4.2,
456,forward,3,s316:0.5_s316:0.5_tef:0.1,4.2,50,4.04,,,,,forward_3_4.2,
457,forward,3,s316:0.5_s316:0.5_tef:0.1,4.2,50,3.95,,,,,forward_3_4.2,
458,forward,3,s316:0.5_s316:0.5_tef:0.1,4.2,50,4.6,,,,,forward_3_4.2,
459,forward,3,s316:0.5_s316:0.5_tef:0.1,4.2,50,4.7,,,,,forward_3_4.2,
460,forward,3,s316:0.5_s316:0.5_tef:0.1,4.2,50,5,,,,,forward_3_4.2,
461,forward,3,s316:0.5_s316:0.5_tef:0.1,4.2,50,4.15,,,,,forward_3_4.2,
462,forward,3,s316:0.5_s316:0.5_tef:0.1,4.2,50,4.2,,,,,forward_3_4.2,
463,forward,3,s316:0.5_s316:0.5_tef:0.1,4.2,50,4.12,,,,,forward_3_4.2,
464,forward,3,s316:0.5_s316:0.5_tef:0.1,4.2,50,4.65,,,,,forward_3_4.2,
465,forward,3,s316:0.5_s316:0.5_tef:0.1,4.2,50,4.22,,,,,forward_3_4.2,
466,forward,3,s316:0.5_s316:0.5_tef:0.1,4.2,50,4.45,,,,,forward_3_4.2,
467,forward,3,s316:0.5_s316:0.5_tef:0.1,4.2,50,4.25,,,,,forward_3_4.2,
468,forward,3,s316:0.5_s316:0.5_tef:0.1,4.2,50,5.3,,,,,forward_3_4.2,
469,forward,3,s316:0.5_s316:0.5_tef:0.1,4.2,50,5.6,,,,,forward_3_4.2,
470,forward,3,s316:0.5_s316:0.5_tef:0.1,4.2,50,4.55,,,,,forward_3_4.2,
471,forward,3,s316:0.5_s316:0.5_tef:0.1,4.2,50,4.38,,,,,forward_3_4.2,
472,forward,3,s316:0.5_s316:0.5_tef:0.1,4.2,50,4.63,,,,,forward_3_4.2,
473,forward,3,s316:0.5_s316:0.5_tef:0.1,4.2,50,4.43,,,,,forward_3_4.2,
474,forward,3,s316:0.5_s316:0.5_tef:0.1,4.2,50,4.65,,,,,forward_3_4.2,
475,forward,3,s316:0.5_s316:0.5_tef:0.1,4.2,50,4.24,,,,,forward_3_4.2,
476,forward,3,s316:0.5_s316:0.5_tef:0.1,4.2,50,4.35,,,,,forward_3_4.2,
477,forward,3,s316:0.5_s316:0.5_tef:0.1,4.2,50,2.8,,,,,forward_3_4.2,
478,forward,3,s316:0.5_s316:0.5_tef:0.1,4.2,50,3.43,,,,,forward_3_4.2,
479,forward,3,s316:0.5_s316:0.5_tef:0.1,4.2,50,4.65,,,,,forward_3_4.2,
480,forward,3,s316:0.5_s316:0.5_tef:0.1,4.2,50,4.17,,,,,forward_3_4.2,
481,forward,3,s316:0.5_s316:0.5_tef:0.1,4.2,50,4.23,,,,,forward_3_4.2,
482,forward,3,s316:0.5_s316:0.5_tef:0.1,4.2,50,4.11,,,,,forward_3_4.2,
483,forward,3,s316:0.5_s316:0.5_tef:0.1,4.2,50,4.38,,,,,forward_3_4.2,
484,forward,3,s316:0.5_s316:0.5_tef:0.1,4.2,50,4.33,,,,,forward_3_4.2,
485,forward,3,s316:0.5_s316:0.5_tef:0.1,4.2,50,4.01,,,,,forward_3_4.2,
486,reverse,0.5,monel :0.4_s316:0.05_ptfe:0.1,20.2,20,19.72,4,A11/2inRP2,,,reverse_0.5_20.2,
487,reverse,0.5,inconel :0.4_s316:0.05_ptfe:0.1,20.2,20,18.86,4,A11/2inRP2,,,reverse_0.5_20.2,
488,reverse,1,monel :0.6_ s316:0.05_ptfe:0.1,15,22,12.5,6.65,A11/2inRP10-MAmodified,,,reverse_1_15,
489,reverse,1,monel :0.6_ s316:0.05_ptfe:0.1,15,22,15.1,6.65,MA11/2inRP1,,,reverse_1_15,
490,reverse,1,monel :0.6_ s316:0.05_ptfe:0.1,15,22,15.7,6.65,MA11/2inRP1,,,reverse_1_15,
491,reverse,1,s316:0.6_s316:0.05_ptfe:0.1,15,165,17.93,6.07,A11/2inRP2,,,reverse_1_15,
492,reverse,1,s316:0.4_s316:0.05_ptfe:0.1,15,165,8.85,6.07,A11/2inRP3,,,reverse_1_15,
493,reverse,1,s316:0.4_s316:0.05_ptfe:0.1,15,165,10.16,6.07,A11/2inRP3,,,reverse_1_15,
494,reverse,1,s316:0.6_s316:0.05_ptfe:0.1,15,165,22.97,6.07,A11/2inRP4,,,reverse_1_15,
495,reverse,1,s316:0.6_s316:0.05_ptfe:0.1,15,165,20.78,6.07,A11/2inRP4,,,reverse_1_15,
496,reverse,1,s316:0.6_s316:0.05_ptfe:0.1,15,165,15.18,6.07,A11/2inRP5,,,reverse_1_15,
497,reverse,1,s316:0.6_s316:0.05_ptfe:0.1,15,165,14.31,6.07,A11/2inRP5,,,reverse_1_15,
498,reverse,1.5,s316:0.5_s316:0.05_ptfe:0.1,15,10,12.21,8.4,A11/2inRp7,,,reverse_1.5_15,
499,reverse,1.5,s316:0.5_s316:0.5_ptfe:0.1,4,153,11.5,19.82,,,,reverse_1.5_4,
500,reverse,1.5,s316:0.5_s316:0.5_ptfe:0.1,4,153,4.23,5.88,,,,reverse_1.5_4,
501,reverse,1.5,s316:0.5_s316:0.5_ptfe:0.1,4,153,4.17,5.88,,,,reverse_1.5_4,
502,reverse,1.5,s316:0.5_s316:0.5_ptfe:0.1,4,153,3.5,5.88,,,,reverse_1.5_4,
503,reverse,2,s316:0.4_s316:0.05_ptfe:0.1,5.9,25,5.38,9.7,A2inRP16,,,reverse_2_5.9,
504,reverse,2,s316:0.4_s316:0.05_ptfe:0.1,5.9,25,5.34,9.7,A2inRP16,,,reverse_2_5.9,
505,reverse,2,s316:0.4_s316:0.05_ptfe:0.1,5.9,25,5.4,9.7,A2inRP16,,,reverse_2_5.9,
506,reverse,2,s316:0.4_s316:0.05_ptfe:0.1,5.9,25,5.74,9.7,A2inRP16,,,reverse_2_5.9,
507,reverse,2,s316:0.4_s316:0.05_ptfe:0.1,5.9,25,5.74,9.7,A2inRP16,,,reverse_2_5.9,
508,reverse,2,s316:0.8_inconel:0.05_ptfe:0.1,27.7,115,36.67,10,MA2inRP14,,,reverse_2_27.7,
509,reverse,2,s316:0.8_inconel:0.05_ptfe:0.1,27.7,115,26.47,10,A2inRP1,,,reverse_2_27.7,
510,reverse,2,s316:0.8_inconel:0.05_ptfe:0.1,27.7,115,25,10,A2inRP1,,,reverse_2_27.7,
511,reverse,2,s316:0.8_inconel:0.05_ptfe:0.1,27.7,115,27.1,10,A2inRP1,,,reverse_2_27.7,
512,reverse,2,s316:0.5_s316:0.05_ptfe:0.1,3.38,58.4,3.35,9.83,MA2inRP5,,,reverse_2_3.38,
513,reverse,2,s316:0.5_s316:0.05_ptfe:0.1,3.18,58.4,3.16,9.83,MA2inRP5,,,reverse_2_3.18,
514,reverse,2,s316:0.5_s316:0.05_ptfe:0.1,3.38,58.4,3.33,9.83,MA2inRP5,,,reverse_2_3.38,
515,reverse,2,s316:0.5_s316:0.05_ptfe:0.1,3.18,58.4,3.17,9.83,MA2inRP5,,,reverse_2_3.18,
516,reverse,2,s316:0.8_s316:0.05_ptfe:0.1,19,55,20.05,9.8,A2inRP3,,,reverse_2_19,
517,reverse,2,s316:0.8_s316:0.05_ptfe:0.1,19,55,16.29,9.8,A2inRP11,,,reverse_2_19,
518,reverse,2,inconel:0.8_s316:0.05_ptfe:0.1,13.5,80,11.07,9.97,A2inRP12,,,reverse_2_13.5,
519,reverse,2,inconel:0.8_s316:0.05_ptfe:0.1,13.5,80,14.27,9.97,A2inRP13,,,reverse_2_13.5,
520,reverse,2,inconel:0.8_s316:0.05_ptfe:0.1,13.5,80,13.5,9.97,A2inRP13.m.,,,reverse_2_13.5,
521,reverse,2,inconel:0.8_s316:0.05_ptfe:0.1,13.5,80,14.01,9.97,A2inRP13.5.m,,,reverse_2_13.5,
522,reverse,2,inconel:0.8_s316:0.05_ptfe:0.1,13.5,80,14.81,9.97,A2inRP13.5.s.m.,,,reverse_2_13.5,
523,reverse,2,inconel:0.8_s316:0.05_ptfe:0.1,13.5,80,14.45,9.97,A2inRP13.T.M.,,,reverse_2_13.5,
524,reverse,2,s316:0.8_s316:0.05_ptfe:0.1,19,115,17.6,10.96,A2inRP10,,,reverse_2_19,
525,reverse,2,s316:0.8_s316:0.05_ptfe:0.1,19,115,16.29,10.96,A2inRP10.m.,,,reverse_2_19,
526,reverse,2,s316:0.4_s316:0.05_ptfe:0.1,7.5,65,4.12,13.77,A2inRP4,,,reverse_2_7.5,
527,reverse,2,s316:0.4_s316:0.05_ptfe:0.1,7.5,65,7.53,13.77,A2inRP5,,,reverse_2_7.5,
528,reverse,2,s316:0.8_s316:0.05_ptfe:0.1,7.5,65,12.13,13.77,A2inRP4,,,reverse_2_7.5,
529,reverse,2,s316:0.6_s316:0.05_ptfe:0.1,7.5,65,6.54,13.77,A2inRP6,,,reverse_2_7.5,
530,reverse,2,s316:0.5_s316:0.05_ptfe:0.1,7.5,65,5.47,13.77,A2inRP8,,,reverse_2_7.5,
531,reverse,2,s316:0.5_s316:0.05_ptfe:0.1,7.5,65,4.9,13.77,A2inRP7,,,reverse_2_7.5,
532,reverse,2,s316:0.5_s316:0.05_ptfe:0.1,7.5,65,7.74,13.77,A2inRP9,,,reverse_2_7.5,
533,reverse,2,s316:0.5_s316:0.05_ptfe:0.1,7.5,65,6.27,13.77,A2inRP8.M,,,reverse_2_7.5,
534,reverse,2,s316:0.8_s316:0.05_ptfe:0.1,20,115,27.4,9.5,A2inRP1,,,reverse_2_20,
535,reverse,2,s316:0.8_s316:0.05_ptfe:0.1,20,115,17.77,9.5,A2inRP2,,,reverse_2_20,
536,reverse,2,s316:0.4_s316:0.05_ptfe:0.1,6,22,6.55,10,2in29,,,reverse_2_6,
537,reverse,2,s316:0.8_s316:0.05_ptfe:0.1,9.5,148,5.64,9.82,__,,,reverse_2_9.5,
538,reverse,2,s316:0.8_s316:0.05_ptfe:0.1,9.5,148,9.23,9.05,2inR23,,,reverse_2_9.5,
539,reverse,2,s316:0.8_s316:0.05_ptfe:0.1,9.5,148,6.73,9.05,2inR24,,,reverse_2_9.5,
540,reverse,2,s316:0.8_s316:0.05_ptfe:0.1,9.5,148,6.05,9.05,2inR24,,,reverse_2_9.5,
541,reverse,2,s316:0.8_s316:0.05_ptfe:0.1,9.5,148,6.07,9.05,2inR24,,,reverse_2_9.5,
542,reverse,2,s316:0.8_s316:0.05_ptfe:0.1,9.5,148,7.31,9.05,2inR25,,,reverse_2_9.5,
543,reverse,2,s316:0.8_s316:0.05_ptfe:0.1,9.5,148,7.13,9.05,2inR26,,,reverse_2_9.5,
544,reverse,2,s316:0.8_s316:0.05_ptfe:0.1,9.5,148,9.3,9.05,2inR27,,,reverse_2_9.5,
545,reverse,2,s316:0.8_s316:0.05_ptfe:0.1,9.5,148,9.43,9.05,2inR28,,,reverse_2_9.5,
546,reverse,2,s316:0.8_s316:0.05_ptfe:0.1,12.5,85,9.05,9.05,2inR28,,,reverse_2_12.5,
547,reverse,2,s316:0.8_s316:0.1_ptfe:0.1,12.5,85,15.23,10.38,__,,,reverse_2_12.5,
548,reverse,2,s316:1_s316:0.05_ptfe:0.1,12.5,85,10.6,9.61,2inchIR65,,,reverse_2_12.5,
549,reverse,2,s316:1_s316:0.05_ptfe:0.1,12.5,85,10.6,9.61,2inch17,,,reverse_2_12.5,
550,reverse,2,s316:1_s316:0.05_ptfe:0.1,12.5,85,10.7,9.61,2inch18,,,reverse_2_12.5,
551,reverse,2,s316:1_s316:0.05_ptfe:0.1,12.5,85,11.9,9.61,2inch19,,,reverse_2_12.5,
552,reverse,2,s316:1_s316:0.05_ptfe:0.1,12.5,85,11.5,9.61,2inch21,,,reverse_2_12.5,
553,reverse,2,s316:1_s316:0.05_ptfe:0.1,12.5,85,12,9.61,2inch20,,,reverse_2_12.5,
554,reverse,2,s316:1_s316:0.05_ptfe:0.1,12.5,85,12.45,9.61,2inch21,,,reverse_2_12.5,
555,reverse,2,s316:1_s316:0.05_ptfe:0.1,12.5,85,11.86,9.61,2inch21,,,reverse_2_12.5,
556,reverse,3,hastelloy :1_ s316:0.05_ptfe:0.1,12,46,11.3,14.82,A3inRP16,,,reverse_3_12,
557,reverse,3,hastelloy :1_ s316:0.05_ptfe:0.1,12,46,7.48,14.82,A3inRP17,,,reverse_3_12,
558,reverse,3,hastelloy :1_ s316:0.05_ptfe:0.1,12,46,10.33,14.82,A3inRP17.m.,,,reverse_3_12,
559,reverse,3,hastelloy :1_ s316:0.05_ptfe:0.1,12,46,11.7,14.82,A3inRP19,,,reverse_3_12,
560,reverse,3,hastelloy :1_ s316:0.05_ptfe:0.1,13.5,250,13.09,14.82,A3inRP18,,,reverse_3_13.5,
561,reverse,3,hastelloy :1_ s316:0.05_ptfe:0.1,13.5,250,12.2,14.82,A3inRP18.m.,,,reverse_3_13.5,
562,reverse,3,hastelloy :1_ s316:0.05_ptfe:0.1,13.5,250,13.34,14.82,A3inRP18.sec.m.,,,reverse_3_13.5,
563,reverse,3,s316:1_s316:0.05_ptfe:0.1,7.5,64,7.43,17.59,A3inRP11,,,reverse_3_7.5,
564,reverse,3,s316:0.6_s316:0.05_ptfe:0.1,7.5,64,5.15,17.59,A3inRP10,,,reverse_3_7.5,
565,reverse,3,s316:0.8_s316:0.05_ptfe:0.1,7.5,64,7.19,17.59,A3inRP10,,,reverse_3_7.5,
566,reverse,3,s316:0.8_s316:0.05_ptfe:0.1,7.5,64,6.07,17.59,A3inRP14,,,reverse_3_7.5,
567,reverse,3,s316:0.8_s316:0.05_ptfe:0.1,7.5,64,7.05,17.59,A3inRP,,,reverse_3_7.5,
568,reverse,3,s316:0.4_s316:0.05_ptfe:0.1,1,180,1.037,14.3,A3inRP7,,,reverse_3_1,
569,reverse,3,monel :1_ s316:0.05_ptfe:0.1,13,22,12.58,15,A3inRP5.M.,,,reverse_3_13,
570,reverse,3,monel :1_ s316:0.05_ptfe:0.1,13,22,16.08,15,A3inRP6,,,reverse_3_13,
571,reverse,3,monel :1_ s316:0.05_ptfe:0.1,13,22,13,15,A3inRP8,,,reverse_3_13,
572,reverse,3,monel :1_ s316:0.05_ptfe:0.1,13,22,10.16,15,A3inRP9,,,reverse_3_13,
573,reverse,3,monel :1_ s316:0.05_ptfe:0.1,13,22,12.96,15,A3inRP9,,,reverse_3_13,
574,reverse,3,monel :1_ s316:0.05_ptfe:0.1,13,22,14.1,15,A3inRP9-M.,,,reverse_3_13,
575,reverse,3,monel :1_ s316:0.05_ptfe:0.1,13,22,12.12,15,A3inRP9-sec.M.,,,reverse_3_13,
576,reverse,3,monel :1_ s316:0.05_ptfe:0.1,13,22,11.95,15,A3inRP9-third.M.,,,reverse_3_13,
577,reverse,3,monel :1_ s316:0.05_ptfe:0.1,13,22,16.6,15,A3inRP12,,,reverse_3_13,
578,reverse,3,monel :1_ s316:0.05_ptfe:0.1,13,22,12.5,15,A3inRP13,,,reverse_3_13,
579,reverse,3,monel :1_ s316:0.05_ptfe:0.1,13,22,12.98,15,A3inRP9-F.M.,,,reverse_3_13,
580,reverse,3,monel :1_ s316:0.05_ptfe:0.1,13,22,13.83,15,A3inRP13,,,reverse_3_13,
581,reverse,3,s316:0.6_s316:0.05_ptfe:0.1,3,40,3.15,15.83,A3inRP4,,,reverse_3_3,
582,reverse,3,s316:0.6_s316:0.05_ptfe:0.1,3,40,3.15,15.83,A3inRP4,,,reverse_3_3,
583,reverse,3,s316:0.6_s316:0.05_ptfe:0.1,3,40,3.19,15.83,A3inRP4,,,reverse_3_3,
584,reverse,3,s316:1_inconel:0.1_ptfe:0.1,6,40,6.61,34.98,__,,,reverse_3_6,
585,reverse,3,s316:1_inconel:0.1_ptfe:0.1,6,40,6.05,14.66,3inch10,,,reverse_3_6,
586,reverse,3,s316:1_inconel:0.1_ptfe:0.1,6,40,7.15,14.77,3inch10,,,reverse_3_6,
587,reverse,3,s316:1_inconel:0.1_ptfe:0.1,6,40,6.42,14.66,3inch9,,,reverse_3_6,
588,reverse,3,s316:1_inconel:0.1_ptfe:0.1,6,40,7.05,14.77,3inch10,,,reverse_3_6,
589,reverse,3,s316:1_inconel:0.1_ptfe:0.1,6,40,6.92,14.66,3inch7,,,reverse_3_6,
590,reverse,3,s316:1_inconel:0.1_ptfe:0.1,6,40,8,14.77,3inch5,,,reverse_3_6,
591,reverse,3,s316:1_inconel:0.05_ptfe:0.1,6,40,6.95,14.66,3inch4,,,reverse_3_6,
592,reverse,3,s316:1_inconel:0.1_ptfe:0.1,6,40,7.4,14.77,3inch2,,,reverse_3_6,
593,reverse,3,s316:1_inconel:0.1_ptfe:0.1,6,40,7.4,14.66,3inch6,,,reverse_3_6,
594,reverse,3,s316:1_s316:0.1_ptfe:0.1,6,40,6.13,14.66,3inch6,,,reverse_3_6,
595,reverse,3,s316:0.5_s316:0.5_ptfe:0.1,7.5,149.1,7.6,21.3,,,,reverse_3_7.5,
596,reverse,3,s316:0.5_s316:0.5_ptfe:0.1,7,100,2.14,17.63,,,,reverse_3_7,
597,reverse,3,hastelloy:0.8_s316:0.05_ptfe:0.1,40,280,37.1,29.33,,,,reverse_3_40,
598,reverse,3,hastelloy:0.8_s316:0.05_ptfe:0.1,40,280,44,15.62,,,,reverse_3_40,
599,reverse,3,hastelloy:0.8_s316:0.05_ptfe:0.1,40,280,47,15.62,,,,reverse_3_40,
600,reverse,3,hastelloy:0.8_s316:0.05_ptfe:0.1,40,280,32,15.62,,,,reverse_3_40,
601,reverse,3,hastelloy:0.8_s316:0.05_ptfe:0.1,40,280,35,15.62,,,,reverse_3_40,
602,reverse,3,hastelloy:0.8_s316:0.05_ptfe:0.1,40,280,44.5,15.62,,,,reverse_3_40,
603,reverse,3,hastelloy:0.8_s316:0.05_ptfe:0.1,40,280,41,15.62,,,,reverse_3_40,
604,reverse,3,hastelloy:0.8_s316:0.05_ptfe:0.1,40,280,42.7,15.62,,,,reverse_3_40,
605,reverse,3,hastelloy:0.8_s316:0.05_ptfe:0.1,40,280,44.5,15.62,,,,reverse_3_40,
606,reverse,3,hastelloy:0.8_s316:0.05_ptfe:0.1,40,280,40,15.62,,,,reverse_3_40,
607,reverse,3,hastelloy:0.8_s316:0.05_ptfe:0.1,40,280,42.5,15.62,,,,reverse_3_40,
608,reverse,3,hastelloy:0.8_s316:0.05_ptfe:0.1,40,280,45.5,15.62,,,,reverse_3_40,
609,reverse,3,hastelloy:0.8_s316:0.05_ptfe:0.1,40,280,43.5,15.62,,,,reverse_3_40,
610,reverse,3,hastelloy:0.8_s316:0.05_ptfe:0.1,40,280,45.2,15.62,,,,reverse_3_40,
611,reverse,3,hastelloy:0.8_s316:0.05_ptfe:0.1,40,280,45.5,15.62,,,,reverse_3_40,
612,reverse,3,hastelloy:0.8_s316:0.05_ptfe:0.1,40,280,42.5,15.62,,,,reverse_3_40,
613,reverse,3,hastelloy:0.8_s316:0.05_ptfe:0.1,40,280,46,15.62,,,,reverse_3_40,
614,reverse,3,inconel:1.6_ inconel:0.1_ptfe:0.1,42,200,33,20.6,,,,reverse_3_42,
615,reverse,3,inconel:1.6_ inconel:0.1_ptfe:0.1,42,200,33.8,22.64,,,,reverse_3_42,
616,reverse,3,inconel:1.6_ inconel:0.1_ptfe:0.1,42,200,31,17,,,,reverse_3_42,
617,reverse,3,inconel:1.6_ inconel:0.1_ptfe:0.1,42,220,23,17,,,,reverse_3_42,
618,reverse,3,inconel:0.5_s316:0.05_ptfe:0.1,12,180,21,21.52,,,,reverse_3_12,
619,reverse,3,inconel:0.5_s316:0.05_ptfe:0.1,12,180,25.5,13.67,,,,reverse_3_12,
620,reverse,3,inconel:0.5_s316:0.05_ptfe:0.1,12,180,11.98,13.67,,,,reverse_3_12,
621,reverse,3,inconel:0.5_s316:0.05_ptfe:0.1,12,180,12.08,13.67,,,,reverse_3_12,
622,reverse,3,inconel:0.5_s316:0.05_ptfe:0.1,12,180,12.6,13.67,,,,reverse_3_12,
623,reverse,3,inconel:0.5_s316:0.05_ptfe:0.1,12,180,11.52,13.67,,,,reverse_3_12,
624,reverse,4,inconel:1_s316:0.05_ptfe:0.1,10,120,10.23,19.75,A4inRP4.m.,,,reverse_4_10,
625,reverse,4,inconel:1_s316:0.05_ptfe:0.1,10,120,5.78,19.75,A4inRP10,,,reverse_4_10,
626,reverse,4,inconel:1_s316:0.05_ptfe:0.1,10,120,9.97,19.75,A4inRP1.m.,,,reverse_4_10,
627,reverse,4,inconel:1_s316:0.05_ptfe:0.1,5.5,180,9.05,19.77,A4inRP1.m.,,,reverse_4_5.5,
628,reverse,4,inconel:1_s316:0.05_ptfe:0.1,5.5,180,5.46,19.77,A4inRP10,,,reverse_4_5.5,
629,reverse,4,inconel:1_s316:0.05_ptfe:0.1,7.9,200,8.41,21.1,A4inRP11,,,reverse_4_7.9,
630,reverse,4,inconel:1_s316:0.05_ptfe:0.1,7.9,200,8.33,21.1,A4inRP11.m.,,,reverse_4_7.9,
631,reverse,4,inconel:1_s316:0.05_ptfe:0.1,8,100,9.17,21.04,A4imRP11,,,reverse_4_8,
632,reverse,4,inconel:1_s316:0.05_ptfe:0.1,8,100,7.92,21.04,A4imRP12,,,reverse_4_8,
633,reverse,4,s316:1.5_s316:0.1_ptfe:0.1,30.5,60,24.26,20.91,A4inRP7,,,reverse_4_30.5,
634,reverse,4,s316:2.5_s316:0.1_ptfe:0.1,30.5,60,29.45,20.91,A4inRP18,,,reverse_4_30.5,
635,reverse,4,s316:1.5_s316:0.1_ptfe:0.1,30.5,60,32.85,20.91,A4inRP8,,,reverse_4_30.5,
636,reverse,4,s316:1.5_s316:0.1_ptfe:0.1,30.5,60,33.92,20.91,A4inRP9,,,reverse_4_30.5,
637,reverse,4,s316:1.5_s316:0.1_ptfe:0.1,30.5,60,33.97,20.91,A4inRP9Modified,,,reverse_4_30.5,
638,reverse,4,s316:1.5_s316:0.1_ptfe:0.1,30.5,60,30.87,20.91,A4inRP9,,,reverse_4_30.5,
639,reverse,4,s316:1.5_s316:0.1_ptfe:0.1,30.5,60,31.08,20.91,A4inRP9,,,reverse_4_30.5,
640,reverse,4,s316:1.5_s316:0.1_ptfe:0.1,30.5,60,33.1,20.91,A4inRP9,,,reverse_4_30.5,
641,reverse,4,s316:1.5_s316:0.1_ptfe:0.1,30.5,60,32.83,20.91,A4inRP9,,,reverse_4_30.5,
642,reverse,4,s316:1.5_s316:0.1_ptfe:0.1,30.5,60,30.08,20.91,A4inRP9Modified,,,reverse_4_30.5,
643,reverse,4,s316:1.5_s316:0.1_ptfe:0.1,30.5,60,30.15,20.91,A4inRP9Modified,,,reverse_4_30.5,
644,reverse,4,s316:2.5_s316:0.1_ptfe:0.1,30.5,60,30.04,20.91,A6inRP18M,,,reverse_4_30.5,
645,reverse,4,s316:2.5_s316:0.1_ptfe:0.1,30.5,60,25.5,20.91,A6inRP18.sec.M,,,reverse_4_30.5,
646,reverse,4,s316:2.5_s316:0.1_ptfe:0.1,30.5,60,29.3,20.91,A6inRP18.Third.M,,,reverse_4_30.5,
647,reverse,4,s316:2.5_s316:0.1_ptfe:0.1,30.5,60,30.3,20.91,A6inRP18M,,,reverse_4_30.5,
648,reverse,4,s316:2.5_s316:0.1_ptfe:0.1,30.5,60,29,20.91,A6inRP18.Third.M,,,reverse_4_30.5,
649,reverse,4,s316:2.5_s316:0.1_ptfe:0.1,30.5,60,29,20.91,A6inRP18,,,reverse_4_30.5,
650,reverse,4,s316:2_s316:0.1_ptfe:0.1,30.5,60,26.76,20.91,A6inRP19,,,reverse_4_30.5,
651,reverse,4,s316:2_s316:0.1_ptfe:0.1,30.5,60,29.16,20.91,A6inRP20,,,reverse_4_30.5,
652,reverse,4,s316:1_s316:0.05_ptfe:0.1,11,45,8.32,21,A4inRP1,,,reverse_4_11,
653,reverse,4,s316:1_s316:0.05_ptfe:0.1,11,45,11.75,21,A4inRP3,,,reverse_4_11,
654,reverse,4,s316:1_s316:0.05_ptfe:0.1,11,45,11.75,21,A4inRP1,,,reverse_4_11,
655,reverse,4,s316:1_s316:0.05_ptfe:0.1,11,45,15.4,21,A4inRP1,,,reverse_4_11,
656,reverse,4,hastelloy:1_ hastelloy:0.05_ptfe:0.1,11,45,11.23,21,A4inRP4,,,reverse_4_11,
657,reverse,4,hastelloy:1_ hastelloy:0.05_ptfe:0.1,11,45,12,21,A4inRP4.m.,,,reverse_4_11,
658,reverse,4,s316:1_s316:0.05_ptfe:0.1,7,63.6,5,19.68,4inPR1,,,reverse_4_7,
659,reverse,4,s316:1_s316:0.05_ptfe:0.1,7,63.6,5.7,19.64,4inPR1,,,reverse_4_7,
660,reverse,4,s316:1_s316:0.05_ptfe:0.1,7,63.6,6.02,19.7,4inPR2,,,reverse_4_7,
661,reverse,4,s316:1_s316:0.05_ptfe:0.1,7,63.6,6,19.7,4inPR2,,,reverse_4_7,
662,reverse,4,s316:1_s316:0.05_ptfe:0.1,7,63.6,7.6,19.7,4inPR3,,,reverse_4_7,
663,reverse,4,s316:1_s316:0.05_ptfe:0.1,7,63.6,7.4,19.7,__,,,reverse_4_7,
664,reverse,4,s316:1_s316:0.05_ptfe:0.1,7,63.6,6.64,19.7,__,,,reverse_4_7,
665,reverse,4,s316:1_s316:0.05_ptfe:0.1,7,63.6,7.45,19.7,4inPR3,,,reverse_4_7,
666,reverse,4,s316:1_s316:0.05_ptfe:0.1,7,63.6,7.45,19.7,4inPR3,,,reverse_4_7,
667,reverse,4,s316:0.3_s316:0.3_ptfe:0.1,0.17,22,0.302,17.87,2inch21,,,reverse_4_0.17,
668,reverse,4,s316:1_s316:0.1_ptfe:0.1,9,80,8.1,32.92,,,,reverse_4_9,
669,reverse,4,s316:1_s316:0.1_ptfe:0.1,9,80,7.15,21.57,,,,reverse_4_9,
670,reverse,4,s316:1_s316:0.1_ptfe:0.1,9,80,8.93,21.57,,,,reverse_4_9,
671,reverse,4,s316:1_s316:0.1_ptfe:0.1,9,80,8.9,21.57,,,,reverse_4_9,
672,reverse,4,s316:1_s316:0.1_ptfe:0.1,9,80,7.74,21.57,,,,reverse_4_9,
673,reverse,4,s316:1_s316:0.1_ptfe:0.1,9,80,8.5,21.57,,,,reverse_4_9,
674,reverse,4,s316:1_s316:0.1_ptfe:0.1,11,45,10.55,38.62,,,,reverse_4_11,
675,reverse,4,s316:1_s316:0.1_ptfe:0.1,11,45,9.7,19.82,,,,reverse_4_11,
676,reverse,4,s316:1_s316:0.1_ptfe:0.1,11,45,11,19.82,,,,reverse_4_11,
677,reverse,4,s316:1_s316:0.1_ptfe:0.1,11,45,8.9,19.82,,,,reverse_4_11,
678,reverse,4,s316:1_s316:0.1_ptfe:0.1,11,45,10.28,19.82,,,,reverse_4_11,
679,reverse,4,s316:1_s316:0.1_ptfe:0.1,11,45,9.54,19.82,,,,reverse_4_11,
680,reverse,4,s316:1_s316:0.1_ptfe:0.1,11,45,9.28,19.82,,,,reverse_4_11,
681,reverse,4,s316:1_s316:0.1_ptfe:0.1,12.8,120,12.6,5.88,,,,reverse_4_12.8,
682,reverse,4,s316:1_s316:0.1_ptfe:0.1,12.8,120,9.9,24.68,,,,reverse_4_12.8,
683,reverse,4,s316:1_s316:0.1_ptfe:0.1,12.8,120,12.9,24.68,,,,reverse_4_12.8,
684,reverse,4,s316:1_s316:0.1_ptfe:0.1,12.8,120,12.6,24.68,,,,reverse_4_12.8,
685,reverse,4,s316:1_s316:0.1_ptfe:0.1,12.8,120,16,24.68,,,,reverse_4_12.8,
686,reverse,4,s316:1_s316:0.1_ptfe:0.1,12.8,120,15.55,24.68,,,,reverse_4_12.8,
687,reverse,4,s316:1_s316:0.1_ptfe:0.1,12.8,120,11.43,24.68,,,,reverse_4_12.8,
688,reverse,4,s316:0.5_s316:0.5_ptfe:0.1,7,280,7.65,39.3,,,,reverse_4_7,
689,reverse,4,s316:0.5_s316:0.5_ptfe:0.1,7,280,6.78,19.71,,,,reverse_4_7,
690,reverse,4,s316:0.5_s316:0.5_ptfe:0.1,7,280,7.16,19.71,,,,reverse_4_7,
691,reverse,4,s316:0.5_s316:0.5_ptfe:0.1,7,280,7.8,19.71,,,,reverse_4_7,
692,reverse,4,s316:0.5_s316:0.5_ptfe:0.1,7,280,6.2,19.71,,,,reverse_4_7,
693,reverse,4,s316:0.5_s316:0.5_ptfe:0.1,7,280,8.2,19.71,,,,reverse_4_7,
694,reverse,4,hastelloy:1_s316:0.1_ptfe:0.1,50,320,42,15.62,,,,reverse_4_50,
695,reverse,4,hastelloy:1_s316:0.1_ptfe:0.1,50,320,48.5,23.36,,,,reverse_4_50,
696,reverse,4,hastelloy:1_s316:0.1_ptfe:0.1,50,320,45,23.36,,,,reverse_4_50,
697,reverse,4,hastelloy:1_s316:0.1_ptfe:0.1,50,320,31,23.36,,,,reverse_4_50,
698,reverse,4,inconel:0.5_s316:0.1_ptfe:0.1,10.5,180,11.4,51.13,,,,reverse_4_10.5,
699,reverse,4,inconel:0.5_s316:0.1_ptfe:0.1,10.5,180,11.2,16.28,,,,reverse_4_10.5,
700,reverse,4,inconel:0.5_s316:0.1_ptfe:0.1,10.5,180,11.55,17.3,,,,reverse_4_10.5,
701,reverse,4,inconel:0.5_s316:0.1_ptfe:0.1,10.5,180,11.05,18.6,,,,reverse_4_10.5,
702,reverse,4,inconel:0.5_s316:0.1_ptfe:0.1,10.5,180,8,19.62,,,,reverse_4_10.5,
703,reverse,4,inconel:0.5_s316:0.1_ptfe:0.1,10.5,180,8.5,22.14,,,,reverse_4_10.5,
704,reverse,4,inconel:0.5_s316:0.1_ptfe:0.1,10.5,180,8.6,22.13,,,,reverse_4_10.5,
705,reverse,4,inconel:0.5_s316:0.1_ptfe:0.1,10.5,180,10.5,20.6,,,,reverse_4_10.5,
706,reverse,4,inconel:0.5_s316:0.1_ptfe:0.1,10.5,180,9,15.58,,,,reverse_4_10.5,
707,reverse,4,inconel:0.5_s316:0.1_ptfe:0.1,10.5,180,9,20.6,,,,reverse_4_10.5,
708,reverse,4,inconel:0.1_ inconel:1.2_ptfe:0.1,22,210,24.2,13.67,,,,reverse_4_22,
709,reverse,4,inconel:0.1_ inconel:1.2_ptfe:0.1,22,210,22.5,16.54,,,,reverse_4_22,
710,reverse,4,inconel:0.1_ inconel:1.2_ptfe:0.1,22,210,18.2,16.54,,,,reverse_4_22,
711,reverse,4,inconel:0.1_ inconel:1.2_ptfe:0.1,22,210,24.5,16.54,,,,reverse_4_22,
712,reverse,4,inconel:0.1_ inconel:1.2_ptfe:0.1,22,210,18.37,16.54,,,,reverse_4_22,
713,reverse,4,inconel:0.1_ inconel:1.2_ptfe:0.1,22,210,18.76,16.54,,,,reverse_4_22,
714,reverse,4,inconel:0.1_ inconel:1.2_ptfe:0.1,22,210,18.45,16.54,,,,reverse_4_22,
715,reverse,4,inconel:0.1_ inconel:1.2_ptfe:0.1,22,210,21.85,16.54,,,,reverse_4_22,
716,reverse,4,inconel:0.1_ inconel:1.2_ptfe:0.1,22,210,21.4,16.54,,,,reverse_4_22,
717,reverse,4,inconel:0.1_ inconel:1.2_ptfe:0.1,22,210,16.5,16.54,,,,reverse_4_22,
718,reverse,4,inconel:0.1_ inconel:1.2_ptfe:0.1,22,210,16,16.54,,,,reverse_4_22,
719,reverse,6,inconel:1.5_s316:0.1_ptfe:0.1,19,100,18.64,31.41,A6inRP19,,,reverse_6_19,
720,reverse,6,inconel:1.5_s316:0.1_ptfe:0.1,19,100,19.2,31.41,A6inRP19modified,,,reverse_6_19,
721,reverse,6,s316:0.8_s316:.05_ptfe:0.1,3,144,2.66,31.9,A6inRP22,,,reverse_6_3,
722,reverse,6,s316:0.8_s316:.05_ptfe:0.1,3,144,2.86,31.9,A6inRP23,,,reverse_6_3,
723,reverse,6,s316:0.8_s316:.05_ptfe:0.1,3,144,3.02,31.9,A6inRP23,,,reverse_6_3,
724,reverse,6,monel :04_ s316:0.05_ptfe:0.1,0.3,70,0.525,26.81,A6inRP21,,,reverse_6_0.3,
725,reverse,6,monel :04_ s316:0.05_ptfe:0.1,0.3,70,0.445,26.81,A6inRP21.m.,,,reverse_6_0.3,
726,reverse,6,monel :04_ s316:0.05_ptfe:0.1,0.3,70,0.392,26.81,A6inRP21.sec.m.,,,reverse_6_0.3,
727,reverse,6,monel :04_ s316:0.05_ptfe:0.1,0.3,70,0.404,26.81,A6inRP21.T.m.,,,reverse_6_0.3,
728,reverse,6,s316:1.5_s316:0.1_ptfe:0.1,9.4,40,9.53,28.6,A6inRP16,,,reverse_6_9.4,
729,reverse,6,s316:1.5_s316:0.1_ptfe:0.1,9.4,40,9.37,28.7,__,,,reverse_6_9.4,
730,reverse,6,s316:1.5_s316:0.1_ptfe:0.1,9.4,40,9.3,28.8,A6inRP16.M.,,,reverse_6_9.4,
731,reverse,6,s316:0.4_monel:0.05_ptfe:0.1,0.5,22,0.431,50,A6inRP6,,,reverse_6_0.5,
732,reverse,6,s316:1.5_s316:0.1_ptfe:0.1,6.9,56,6.53,28.37,A6inRP7,,,reverse_6_6.9,
733,reverse,6,s316:1.5_s316:0.1_ptfe:0.1,6.9,56,6.25,28.51,A6inRP8,,,reverse_6_6.9,
734,reverse,6,s316:1.5_s316:0.1_ptfe:0.1,6.9,56,8.15,28.51,A6inRP9,,,reverse_6_6.9,
735,reverse,6,s316:1.5_s316:0.1_ptfe:0.1,6.9,56,8.75,28.51,A6inRP10,,,reverse_6_6.9,
736,reverse,6,s316:1.5_s316:0.1_ptfe:0.1,6.9,56,8.54,28.51,A6inRP11,,,reverse_6_6.9,
737,reverse,6,s316:1.5_s316:0.1_ptfe:0.1,6.9,56,7.8,28.51,A6inRP14,,,reverse_6_6.9,
738,reverse,6,s316:0.8_s316:0.05_ptfe:0.1,2.5,22,2.1,29.71,6inRP11,,,reverse_6_2.5,
739,reverse,6,s316:0.4_monel:0.05_ptfe:0.1,0.5,22,0.394,29.81,A6inRP4,,,reverse_6_0.5,
740,reverse,6,s316:0.4_monel:0.05_ptfe:0.1,0.5,22,0.39,29.81,A6inRP4,,,reverse_6_0.5,
741,reverse,6,s316:0.4_monel:0.05_ptfe:0.1,0.5,22,0.434,29.81,A6inRP5,,,reverse_6_0.5,
742,reverse,6,s316:0.4_monel:0.05_ptfe:0.1,0.5,22,0.434,29.81,__,,,reverse_6_0.5,
743,reverse,6,s316:0.4_monel:0.05_ptfe:0.1,0.5,22,0.42,29.81,A6inRP6,,,reverse_6_0.5,
744,reverse,6,s316:1_s316:0.1_ptfe:0.1,5.19,66,6.61,28.84,3inch6,,,reverse_6_5.19,
745,reverse,6,s316:1_s316:0.1_ptfe:0.1,5.19,66,5.23,28.84,6inch2,,,reverse_6_5.19,
746,reverse,6,s316:1_s316:0.1_ptfe:0.1,5.19,66,5.34,28.84,__,,,reverse_6_5.19,
747,reverse,6,s316:1_s316:0.1_ptfe:0.1,5.19,66,5.93,28.84,6inch5,,,reverse_6_5.19,
748,reverse,6,s316:1_s316:0.1_ptfe:0.1,5.19,66,5.49,28.84,6inch5,,,reverse_6_5.19,
749,reverse,6,s316:1_s316:0.1_ptfe:0.1,5.19,66,4.25,28.84,6inch4,,,reverse_6_5.19,
750,reverse,6,s316:0.1_s316:0.1_s316:0.05_tef:0.4,6.19,71.4,6.23,28.84,6inch1,,,reverse_6_6.19,
751,reverse,6,s316:0.1_s316:0.1_s316:0.05_tef:0.4,6.19,71.4,6.1,32.92,,,,reverse_6_6.19,
752,reverse,6,s316:0.1_s316:0.1_s316:0.05_tef:0.4,6.19,71.4,5.49,32.92,,,,reverse_6_6.19,
753,reverse,6,s316:0.1_s316:0.1_s316:0.05_tef:0.4,6.19,71.4,5.95,32.92,,,,reverse_6_6.19,
754,reverse,6,s316:0.1_s316:0.1_s316:0.05_tef:0.4,6.19,71.4,5,32.92,,,,reverse_6_6.19,
755,reverse,6,s316:0.1_s316:0.1_s316:0.05_tef:0.4,6.19,71.4,6.8,32.92,,,,reverse_6_6.19,
756,reverse,6,s316:0.4_s316:0.1_tef:0.5,3.15,230,4.5,24.68,,,,reverse_6_3.15,
757,reverse,6,s316:0.4_s316:0.1_tef:0.5,3.15,230,3.42,21.3,,,,reverse_6_3.15,
758,reverse,6,s316:0.4_s316:0.1_tef:0.5,3.15,230,3.45,21.3,,,,reverse_6_3.15,
759,reverse,6,s316:0.4_s316:0.1_tef:0.5,3.15,230,3.53,21.3,,,,reverse_6_3.15,
760,reverse,6,s316:0.4_s316:0.1_tef:0.5,3.15,230,3.54,21.3,,,,reverse_6_3.15,
761,reverse,6,s316:0.4_s316:0.1_tef:0.5,3.15,230,3.71,21.3,,,,reverse_6_3.15,
762,reverse,6,s316:0.4_s316:0.1_tef:0.5,3.15,230,3.43,21.3,,,,reverse_6_3.15,
763,reverse,6,s316:0.4_s316:0.1_tef:0.5,3.15,230,3.7,21.3,,,,reverse_6_3.15,
764,reverse,6,inconel:0.5_s316:0.1_tef:0.5,5.5,38,6.75,19.71,,,,reverse_6_5.5,
765,reverse,6,inconel:0.5_s316:0.1_tef:0.5,5.5,38,5.6,27.23,,,,reverse_6_5.5,
766,reverse,6,inconel:0.5_s316:0.1_tef:0.5,5.5,38,5.24,27.23,,,,reverse_6_5.5,
767,reverse,6,inconel:0.5_s316:0.1_tef:0.5,5.5,38,5.13,27.23,,,,reverse_6_5.5,
768,reverse,6,inconel:0.5_s316:0.1_tef:0.5,5.5,38,5.8,27.23,,,,reverse_6_5.5,
769,reverse,6,inconel:0.5_s316:0.1_tef:0.5,5.5,38,5.03,27.23,,,,reverse_6_5.5,
770,reverse,6,inconel:0.5_s316:0.1_tef:0.5,5.5,38,5.03,27.23,,,,reverse_6_5.5,
771,reverse,6,inconel:0.5_s316:0.1_tef:0.5,5.5,38,5.14,27.23,,,,reverse_6_5.5,
772,reverse,6,inconel:0.5_s316:0.1_tef:0.5,5.5,38,4.95,27.23,,,,reverse_6_5.5,
773,reverse,6,inconel:0.5_s316:0.1_tef:0.5,5.5,38,5.19,27.23,,,,reverse_6_5.5,
774,reverse,6,inconel:0.5_s316:0.1_tef:0.5,5.5,38,5.03,27.23,,,,reverse_6_5.5,
775,reverse,6,inconel:0.5_s316:0.1_tef:0.5,5.5,38,5.43,27.23,,,,reverse_6_5.5,
776,reverse,6,inconel:0.5_s316:0.1_tef:0.5,5.5,38,5.65,27.23,,,,reverse_6_5.5,
777,reverse,6,s316:0.5_s316:0.1_tef:0.5,6.9,56,7.05,27.23,,,,reverse_6_6.9,
778,reverse,6,s316:0.5_s316:0.1_tef:0.5,6.9,56,6.68,29.33,,,,reverse_6_6.9,
779,reverse,6,s316:0.5_s316:0.1_tef:0.5,6.9,56,6.32,29.33,,,,reverse_6_6.9,
780,reverse,6,s316:0.5_s316:0.1_tef:0.5,6.9,56,6.1,29.33,,,,reverse_6_6.9,
781,reverse,6,s316:0.5_s316:0.1_tef:0.5,6.9,56,6.78,29.33,,,,reverse_6_6.9,
782,reverse,6,s316:0.5_s316:0.1_tef:0.5,6.9,56,6.33,29.33,,,,reverse_6_6.9,
783,reverse,6,s316:0.5_s316:0.1_tef:0.5,6.9,56,6.14,29.33,,,,reverse_6_6.9,
784,reverse,6,s316:0.5_s316:0.1_tef:0.5,6.9,56,6.29,29.33,,,,reverse_6_6.9,
785,reverse,8,inconel:0.8_s316:0.05_tef:0.5,1,40,0.956,35.88,A8inRP10,,,reverse_8_1,
786,reverse,8,inconel:0.8_s316:0.05_tef:0.5,1,40,1.122,35.88,A8inRP10.m.,,,reverse_8_1,
787,reverse,8,inconel:0.8_s316:0.05_tef:0.5,1,40,1.18,35.88,A8inRP10.s.m.,,,reverse_8_1,
788,reverse,8,inconel:0.8_s316:0.05_tef:0.5,1,40,1.214,35.88,A8inRP10.T.m.,,,reverse_8_1,
789,reverse,8,inconel:0.8_s316:0.05_tef:0.5,1,40,1.056,35.88,A8inRP10.fourth.m.,,,reverse_8_1,
790,reverse,8,inconel:0.8_s316:0.05_tef:0.5,1,40,1.164,35.88,A8inRP11,,,reverse_8_1,
791,reverse,8,s316:1.5_s316:0.1_tef:0.5,8,175,9.42,34.98,4inch1,,,reverse_8_8,
792,reverse,8,s316:1.5_s316:0.1_tef:0.5,8,175,8.3,34.98,__,,,reverse_8_8,
793,reverse,8,s316:1.5_s316:0.1_s316:0.5_tef:0.5,7,40,7.96,21.57,,,,reverse_8_7,
794,reverse,8,s316:1.5_s316:0.1_s316:0.5_tef:0.5,7,40,6.09,39.1,,,,reverse_8_7,
795,reverse,8,s316:1.5_s316:0.1_s316:0.5_tef:0.5,7,40,6.22,39.1,,,,reverse_8_7,
796,reverse,8,s316:1.5_s316:0.1_s316:0.5_tef:0.5,7,40,6.15,39.1,,,,reverse_8_7,
797,reverse,8,s316:1.5_s316:0.1_s316:0.5_tef:0.5,7,40,7.92,39.1,,,,reverse_8_7,
798,reverse,8,s316:1.5_s316:0.1_s316:0.5_tef:0.5,7,40,7.6,39.1,,,,reverse_8_7,
799,reverse,8,s316:1.5_s316:0.1_s316:0.5_tef:0.5,7,40,7.15,39.1,,,,reverse_8_7,
800,reverse,8,s316:1.5_s316:0.1_s316:0.5_tef:0.5,7,40,8.28,39.1,,,,reverse_8_7,
801,reverse,8,s316:1.5_s316:0.1_s316:0.5_tef:0.5,7,40,9,39.1,,,,reverse_8_7,
802,reverse,8,s316:1.5_s316:0.1_s316:0.5_tef:0.5,7,40,6.24,39.1,,,,reverse_8_7,
803,reverse,8,s316:1.5_s316:0.1_s316:0.5_tef:0.5,7,40,8.58,39.1,,,,reverse_8_7,
804,reverse,8,s316:1.5_s316:0.1_s316:0.5_tef:0.5,7,40,7.31,39.1,,,,reverse_8_7,
805,reverse,8,s316:1.5_s316:0.1_s316:0.5_tef:0.5,7,40,6.9,39.1,,,,reverse_8_7,
806,reverse,8,s316:1.5_s316:0.5_ptfe:0.3,13.5,90,10,16.9,,,,reverse_8_13.5,
807,reverse,8,s316:1.5_s316:0.5_ptfe:0.3,13.5,90,12,39.3,,,,reverse_8_13.5,
808,reverse,8,s316:1.5_s316:0.5_ptfe:0.3,13.5,90,13.7,39.3,,,,reverse_8_13.5,
809,reverse,8,s316:1.5_s316:0.5_ptfe:0.3,13.5,90,13.3,39.3,,,,reverse_8_13.5,
810,reverse,8,s316:1.5_s316:0.5_ptfe:0.3,13.5,90,14,39.3,,,,reverse_8_13.5,
811,reverse,8,s316:1.5_s316:0.5_ptfe:0.3,13.5,90,11.25,39.3,,,,reverse_8_13.5,
812,reverse,8,s316:1.5_s316:0.5_ptfe:0.3,13.5,90,9.9,39.3,,,,reverse_8_13.5,
813,reverse,8,s316:1.5_s316:0.5_ptfe:0.3,13.5,90,9.1,39.3,,,,reverse_8_13.5,
814,reverse,8,s316:1.5_s316:0.5_ptfe:0.3,13.5,90,13.56,39.3,,,,reverse_8_13.5,
815,reverse,8,s316:1.5_s316:0.5_ptfe:0.3,13.5,90,11.4,39.3,,,,reverse_8_13.5,
816,reverse,10,s316:1.5_s316:0.1_ptfe:0.3,22.8,33,8,50,A10inRP7,,,reverse_10_22.8,
817,reverse,10,s316:2.5_s316:0.1_ptfe:0.3,22.8,33,13.8,50,A10inRP8,,,reverse_10_22.8,
818,reverse,10,s316:2.5_s316:0.1_ptfe:0.3,22.8,33,18.13,50,A10inRP9,,,reverse_10_22.8,
819,reverse,10,s316:2.5_s316:0.1_ptfe:0.3,22.8,33,26.5,50,A10inRP10,,,reverse_10_22.8,
820,reverse,10,s316:3_s316:0.1_ptfe:0.3,22.8,33,20.54,50,__,,,reverse_10_22.8,
821,reverse,10,s316:2.5_s316:0.1_ptfe:0.3,22.8,33,16,50,A10inRP11,,,reverse_10_22.8,
822,reverse,10,s316:2.5_s316:0.1_ptfe:0.3,22.8,33,13,50,A10inRP12,,,reverse_10_22.8,
823,reverse,10,s316:2.5_s316:0.1_ptfe:0.3,22.8,33,20.2,50,A10inRP12,,,reverse_10_22.8,
824,reverse,10,s316:2.5_s316:0.1_ptfe:0.3,22.8,33,22.7,50,A10inRP13,,,reverse_10_22.8,
825,reverse,10,s316:2.5_s316:0.1_ptfe:0.3,22.8,33,23.54,50,__,,,reverse_10_22.8,
826,reverse,10,s316:2.5_s316:0.1_ptfe:0.3,22.8,33,22.9,50,__,,,reverse_10_22.8,
827,reverse,10,s316:2.5_s316:0.1_ptfe:0.3,22.8,33,23.26,50,__,,,reverse_10_22.8,
828,reverse,10,s316:1.5_inconel:0.1_inconel:1_ptfe:0.3,1.76,40,2.34,49.81,A10inRP1,,,reverse_10_1.76,
829,reverse,10,s316:1.5_inconel:0.1_inconel:1_ptfe:0.3,1.76,40,1.194,49.81,A10inRP,,,reverse_10_1.76,
830,reverse,10,s316:1.5_inconel:0.1_inconel:1_ptfe:0.3,1.76,40,1.92,49.81,__,,,reverse_10_1.76,
831,reverse,10,s316:1.5_inconel:0.1_inconel:1_ptfe:0.3,1.76,40,2,49.81,A10inRP6,,,reverse_10_1.76,
832,reverse,10,s316:1.5_inconel:0.1_inconel:1_ptfe:0.3,1.76,40,1.9,49.81,A10inRP5.S.M,,,reverse_10_1.76,
833,reverse,10,s316:1_s316:0.1_s316:0.5_tef:0.5,7,40,6.92,39.1,,,,reverse_10_7,
834,reverse,10,s316:1_s316:0.1_s316:0.5_tef:0.5,7,40,6.79,38.62,,,,reverse_10_7,
835,reverse,10,s316:1_s316:0.1_s316:0.5_tef:0.5,7,40,8.5,38.62,,,,reverse_10_7,
836,reverse,10,s316:1_s316:0.1_s316:0.5_tef:0.5,7,40,8.92,38.62,,,,reverse_10_7,
837,reverse,10,s316:1_s316:0.1_s316:0.5_tef:0.5,7,40,9.68,38.62,,,,reverse_10_7,
838,reverse,10,s316:1_s316:0.1_s316:0.5_tef:0.5,7,40,8.03,38.62,,,,reverse_10_7,
839,reverse,10,s316:1_s316:0.1_s316:0.5_tef:0.5,7,40,7.2,38.62,,,,reverse_10_7,
840,reverse,10,s316:1_s316:0.1_s316:0.5_tef:0.5,7,40,7.15,38.62,,,,reverse_10_7,
841,reverse,10,s316:1_s316:0.1_s316:0.5_tef:0.5,7,40,7.92,38.62,,,,reverse_10_7,
842,reverse,10,s316:1_s316:0.1_s316:0.5_tef:0.5,7,40,7.29,38.62,,,,reverse_10_7,
843,reverse,10,s316:1_s316:0.1_s316:0.5_tef:0.5,7,40,7.73,38.62,,,,reverse_10_7,
844,reverse,10,inconel:0.5_s316:0.1_fep:0.5,4.2,10,3.9,23.36,,,,reverse_10_4.2,
845,reverse,10,inconel:0.5_s316:0.1_fep:0.4,4.2,10,2.8,54.7,,,,reverse_10_4.2,
846,reverse,10,inconel:0.5_s316:0.1_fep:0.5,4.2,10,4.25,48.85,,,,reverse_10_4.2,
847,reverse,10,inconel:0.5_s316:0.1_fep:0.5,4.2,10,4.35,42.9,,,,reverse_10_4.2,
848,reverse,10,inconel:0.5_s316:0.1_fep:0.5,4.2,10,4.15,45.08,,,,reverse_10_4.2,
849,reverse,10,inconel:0.5_s316:0.1_fep:0.5,4.2,10,4.3,45.08,,,,reverse_10_4.2,
850,reverse,10,inconel:0.5_s316:0.1_fep:0.5,4.2,10,3.85,45.08,,,,reverse_10_4.2,
851,reverse,10,inconel:0.5_s316:0.1_fep:0.5,4.2,10,3.98,45.08,,,,reverse_10_4.2,
852,reverse,10,inconel:0.5_s316:0.1_fep:0.5,4.2,10,3.95,45.08,,,,reverse_10_4.2,
853,reverse,10,inconel:0.5_s316:0.1_fep:0.5,4.2,10,3.93,45.08,,,,reverse_10_4.2,
854,reverse,10,inconel:0.5_s316:0.1_fep:0.5,4.2,10,3.85,45.08,,,,reverse_10_4.2,
855,reverse,10,inconel:0.5_s316:0.1_fep:0.5,4.2,10,3.95,45.08,,,,reverse_10_4.2,
856,reverse,10,inconel:0.5_s316:0.1_fep:0.81,4.2,10,5.1,45.08,,,,reverse_10_4.2,
857,reverse,10,inconel:0.5_s316:0.1_fep:0.65,4.2,10,2.54,45.08,,,,reverse_10_4.2,
858,reverse,10,inconel:0.5_s316:0.1_fep:0.65,4.2,10,3.05,45.08,,,,reverse_10_4.2,
859,reverse,10,inconel:0.5_s316:0.1_fep:0.81,4.2,10,4.8,40.6,,,,reverse_10_4.2,
860,reverse,10,inconel:0.5_s316:0.1_fep:0.8,4.2,10,4.5,38.72,,,,reverse_10_4.2,
861,reverse,10,inconel:0.5_s316:0.1_fep:0.8,4.2,10,4.23,51.02,,,,reverse_10_4.2,
862,reverse,10,inconel:0.5_s316:0.1_fep:0.8,4.2,10,4.3,51.02,,,,reverse_10_4.2,
863,reverse,10,inconel:0.5_s316:0.1_fep:0.5,4.2,10,4.22,51.02,,,,reverse_10_4.2,
864,reverse,10,inconel:0.5_s316:0.1_fep:0.5,4.2,10,3.05,42.03,,,,reverse_10_4.2,
865,reverse,10,inconel:0.5_s316:0.1_fep:0.5,4.2,10,3.89,51.13,,,,reverse_10_4.2,
866,reverse,10,inconel:0.5_s316:0.1_fep:0.5,4.2,10,3.9,51.13,,,,reverse_10_4.2,
867,reverse,10,inconel:1.2_s316:0.1_fep:0.5,12,53.6,18.5,16.69,,,,reverse_10_12,
868,reverse,10,inconel:0.8_s316:0.1_fep:0.4,12,53.6,11.5,51.78,,,,reverse_10_12,
869,reverse,10,inconel:0.8_s316:0.1_fep:0.5,12,53.6,16.4,51.78,,,,reverse_10_12,
870,reverse,10,inconel:0.8_s316:0.1_fep:0.5,12,53.6,16.7,51.78,,,,reverse_10_12,
871,reverse,10,inconel:0.8_s316:0.1_fep:0.5,12,53.6,14.7,51.78,,,,reverse_10_12,
872,reverse,10,inconel:0.8_s316:0.1_fep:0.5,12,53.6,17.45,51.78,,,,reverse_10_12,
873,reverse,10,inconel:0.8_s316:0.1_fep:0.5,12,53.6,17.02,51.78,,,,reverse_10_12,
874,reverse,10,inconel:0.8_s316:0.1_fep:0.5,12,53.6,16.07,51.78,,,,reverse_10_12,
875,reverse,10,inconel:0.8_s316:0.1_fep:0.5,12,53.6,13.28,51.78,,,,reverse_10_12,
876,reverse,10,inconel:0.8_s316:0.1_fep:0.5,12,53.6,15.7,51.78,,,,reverse_10_12,
877,reverse,10,inconel:0.8_s316:0.1_fep:0.5,12,53.6,11.5,51.78,,,,reverse_10_12,
878,reverse,10,inconel:1.2_s316:0.1_fep:0.4,12,53.6,11.7,51.78,,,,reverse_10_12,
879,reverse,10,inconel:1_s316:0.1_fep:0.4,12,41.8,15.5,51.78,,,,reverse_10_12,
880,reverse,10,inconel:1_s316:0.1_fep:0.4,12,41.8,11.97,37.09,,,,reverse_10_12,
881,reverse,10,inconel:1_s316:0.1_fep:0.4,12,41.8,13.5,37.09,,,,reverse_10_12,
882,reverse,10,inconel:1_s316:0.1_fep:0.4,12,41.8,8.8,37.09,,,,reverse_10_12,
883,reverse,10,inconel:1_s316:0.1_fep:0.4,12,41.8,12.43,37.09,,,,reverse_10_12,
884,reverse,10,inconel:1_s316:0.1_fep:0.4,12,41.8,13.24,37.09,,,,reverse_10_12,
885,reverse,16,inconel:1.2_ inconel:0.5_fep:0.5,1,52,21.4,37.09,,,,reverse_16_1,
886,reverse,16,inconel:1.2_ inconel:0.5_fep:0.5,1,52,21.5,21.52,,,,reverse_16_1,
